"Nitrogeno","Fosforo","Potasio","Temperatura","Humedad","pH","Lluvia","Cultivo"
90,42,43,20.87974371,82.00274423,6.502985292,202.9355362,"Arroz"
85,58,41,21.77046169,80.31964408,7.038096361,226.6555374,"Arroz"
60,55,44,23.00445915,82.3207629,7.840207144,263.9642476,"Arroz"
74,35,40,26.49109635,80.15836264,6.980400905,242.8640342,"Arroz"
78,42,42,20.13017482,81.60487287,7.628472891,262.7173405,"Arroz"
69,37,42,23.05804872,83.37011772,7.073453503,251.0549998,"Arroz"
69,55,38,22.70883798,82.63941394,5.70080568,271.3248604,"Arroz"
94,53,40,20.27774362,82.89408619,5.718627178,241.9741949,"Arroz"
89,54,38,24.51588066,83.5352163,6.685346424,230.4462359,"Arroz"
68,58,38,23.22397386,83.03322691,6.336253525,221.2091958,"Arroz"
91,53,40,26.52723513,81.41753846,5.386167788,264.6148697,"Arroz"
90,46,42,23.97898217,81.45061596,7.50283396,250.0832336,"Arroz"
78,58,44,26.80079604,80.88684822,5.108681786,284.4364567,"Arroz"
93,56,36,24.01497622,82.05687182,6.98435366,185.2773389,"Arroz"
94,50,37,25.66585205,80.66385045,6.94801983,209.5869708,"Arroz"
60,48,39,24.28209415,80.30025587,7.042299069,231.0863347,"Arroz"
85,38,41,21.58711777,82.7883708,6.249050656,276.6552459,"Arroz"
91,35,39,23.79391957,80.41817957,6.970859754,206.2611855,"Arroz"
77,38,36,21.8652524,80.1923008,5.953933276,224.5550169,"Arroz"
88,35,40,23.57943626,83.58760316,5.85393208,291.2986618,"Arroz"
89,45,36,21.32504158,80.47476396,6.442475375,185.4974732,"Arroz"
76,40,43,25.15745531,83.11713476,5.070175667,231.3843163,"Arroz"
67,59,41,21.94766735,80.97384195,6.012632591,213.3560921,"Arroz"
83,41,43,21.0525355,82.67839517,6.254028451,233.1075816,"Arroz"
98,47,37,23.48381344,81.33265073,7.375482851,224.0581164,"Arroz"
66,53,41,25.0756354,80.52389148,7.778915154,257.0038865,"Arroz"
97,59,43,26.35927159,84.04403589,6.286500176,271.3586137,"Arroz"
97,50,41,24.52922681,80.54498576,7.070959995,260.2634026,"Arroz"
60,49,44,20.77576147,84.49774397,6.244841491,240.0810647,"Arroz"
84,51,35,22.30157427,80.64416466,6.043304899,197.9791215,"Arroz"
73,57,41,21.44653958,84.94375962,5.824709117,272.2017204,"Arroz"
92,35,40,22.17931888,80.33127223,6.357389366,200.0882787,"Arroz"
85,37,39,24.52783742,82.73685569,6.364134968,224.6757231,"Arroz"
98,53,38,20.26707606,81.63895217,5.01450727,270.4417274,"Arroz"
88,54,44,25.7354293,83.88266234,6.149410611,233.1321372,"Arroz"
95,55,42,26.79533926,82.1480873,5.950660556,193.3473987,"Arroz"
99,57,35,26.75754171,81.17734011,5.960370061,272.2999056,"Arroz"
95,39,36,23.86330467,83.15250801,5.561398642,285.2493645,"Arroz"
60,43,44,21.01944696,82.95221726,7.416245107,298.4018471,"Arroz"
63,44,41,24.17298839,83.7287574,5.583370042,257.0343554,"Arroz"
62,42,36,22.78133816,82.06719137,6.430010215,248.7183228,"Arroz"
64,45,43,25.62980105,83.52842314,5.534878156,209.9001977,"Arroz"
83,60,36,25.59704938,80.14509262,6.903985986,200.834898,"Arroz"
82,40,40,23.83067496,84.81360127,6.271478838,298.5601175,"Arroz"
85,52,45,26.31355498,82.36698992,7.224285503,265.5355937,"Arroz"
91,35,38,24.8972823,80.52586088,6.13428721,183.6793207,"Arroz"
76,49,42,24.958779,84.47963372,5.206373153,196.9560008,"Arroz"
74,39,38,23.24113501,84.59201843,7.782051313,233.0453455,"Arroz"
79,43,39,21.66628296,80.70960551,7.062779015,210.8142087,"Arroz"
88,55,45,24.63544858,80.41363018,7.730367824,253.7202781,"Arroz"
60,36,43,23.43121862,83.06310136,5.286203711,219.9048349,"Arroz"
76,60,39,20.0454142,80.3477562,6.766240045,208.5810155,"Arroz"
93,56,42,23.85724032,82.22572988,7.382762603,195.0948311,"Arroz"
65,60,43,21.97199397,81.89918197,5.658169482,227.3637009,"Arroz"
95,52,36,26.22916897,83.83625819,5.543360238,286.5083725,"Arroz"
75,38,39,23.44676801,84.79352417,6.215109715,283.9338466,"Arroz"
74,54,38,25.65553461,83.47021081,7.120272972,217.3788583,"Arroz"
91,36,45,24.44345477,82.45432595,5.950647577,267.9761948,"Arroz"
71,46,40,20.2801937,82.1235421,7.236705436,191.9535738,"Arroz"
99,55,35,21.7238313,80.2389895,6.501697816,277.9626192,"Arroz"
72,40,38,20.41447029,82.20802629,7.592490617,245.1511304,"Arroz"
83,58,45,25.75528612,83.51827127,5.875345751,245.6626799,"Arroz"
93,58,38,20.61521424,83.77345559,6.932400225,279.5451717,"Arroz"
70,36,42,21.84106875,80.72886384,6.946209881,202.3838319,"Arroz"
76,47,42,20.08369642,83.29114712,5.739175027,263.6372176,"Arroz"
99,41,36,24.45802087,82.74835604,6.738652179,182.5616319,"Arroz"
99,54,37,21.14347496,80.33502926,5.594819626,198.6730942,"Arroz"
86,59,35,25.78720567,82.11124033,6.946636369,243.5120414,"Arroz"
69,46,41,23.64124821,80.28597873,5.012139669,263.1103304,"Arroz"
91,56,37,23.43191632,80.56887849,6.363472208,269.5039162,"Arroz"
61,52,41,24.97669518,83.891805,6.880431223,204.8001847,"Arroz"
67,45,38,22.72791041,82.1706881,7.300410836,260.8875056,"Arroz"
79,42,37,24.87300744,82.84022551,6.587918708,295.6094492,"Arroz"
78,43,42,21.32376327,83.00320459,7.283736617,192.3197536,"Arroz"
75,54,36,26.29465461,84.56919326,7.023936392,257.4914906,"Arroz"
97,36,45,22.2286982,81.85872947,6.939083505,278.0791793,"Arroz"
67,47,44,26.73072391,81.78596776,7.868474653,280.4044392,"Arroz"
73,35,38,24.88921174,81.97927117,5.005306977,185.9461429,"Arroz"
77,36,37,26.88444878,81.46033732,6.136131869,194.5766559,"Arroz"
81,41,38,22.67846116,83.72874389,7.524080076,200.9133156,"Arroz"
68,57,43,26.08867875,80.37979919,5.706943251,182.9043504,"Arroz"
72,45,35,25.42977518,82.94682591,5.758506323,195.3574542,"Arroz"
61,53,43,26.40323239,81.05635517,6.349606327,223.3671883,"Arroz"
67,43,39,26.04371967,84.96907151,5.999969026,186.7536773,"Arroz"
67,58,39,25.2827223,80.54372813,5.453592032,220.1156708,"Arroz"
66,60,38,22.08576562,83.47038318,6.372576327,231.7364957,"Arroz"
82,43,38,23.28617173,81.43321641,5.105588355,242.3170629,"Arroz"
84,50,44,25.48591986,81.40633547,5.935344406,182.6549356,"Arroz"
81,53,42,23.67575393,81.03569343,5.17782304,233.7034975,"Arroz"
91,50,40,20.82477109,84.1341879,6.462391607,230.2242223,"Arroz"
93,53,38,26.92995077,81.91411159,7.069172227,290.6793783,"Arroz"
90,44,38,23.83509503,83.88387074,7.473134377,241.2013513,"Arroz"
81,45,35,26.52872817,80.12267476,6.158376967,218.9163567,"Arroz"
78,40,38,26.46428311,83.85642678,7.549873681,248.2256491,"Arroz"
60,51,36,22.69657794,82.81088865,6.028321558,256.9964761,"Arroz"
88,46,42,22.68319059,83.46358271,6.604993475,194.2651719,"Arroz"
93,47,37,21.53346343,82.14004101,6.500343222,295.9248796,"Arroz"
60,55,45,21.40865769,83.3293191,5.935745417,287.5766935,"Arroz"
78,35,44,26.54348085,84.67353597,7.072655622,183.6222657,"Arroz"
65,37,40,23.35905428,83.59512273,5.333322606,188.413665,"Arroz"
71,54,16,22.61359953,63.69070564,5.749914421,87.75953857,"Maiz"
61,44,17,26.10018422,71.57476937,6.931756558,102.2662445,"Maiz"
80,43,16,23.55882094,71.59351368,6.657964753,66.71995467,"Maiz"
73,58,21,19.97215954,57.68272924,6.596060648,60.65171481,"Maiz"
61,38,20,18.47891261,62.69503871,5.970458434,65.43835393,"Maiz"
68,41,16,21.77689322,57.80840636,6.158830619,102.0861694,"Maiz"
93,41,17,25.6217169,66.50415474,6.047906679,105.4654703,"Maiz"
89,60,19,25.19192419,66.6902901,5.913664501,78.06639649,"Maiz"
76,44,17,20.41683147,62.5542482,5.855442401,65.27798457,"Maiz"
67,60,25,24.92162194,66.78627406,5.750254943,109.2162279,"Maiz"
70,44,19,23.31689124,73.4541537,5.852607099,94.29712821,"Maiz"
90,49,21,24.84016732,68.3584573,6.472523287,74.05474936,"Maiz"
62,52,16,22.27526694,58.84015925,6.967057762,63.87020584,"Maiz"
92,44,16,18.87751445,65.76816093,6.082973754,94.76189431,"Maiz"
66,54,21,25.19008683,60.2001687,5.919045532,72.12375573,"Maiz"
63,58,22,18.25405352,55.28220433,6.204747653,63.72358154,"Maiz"
70,47,17,24.6129118,70.4162444,6.600827017,104.1626147,"Maiz"
61,41,17,25.1420613,65.26185135,6.021902237,76.68456006,"Maiz"
66,53,19,23.09348056,60.1159381,6.033550195,65.49730729,"Maiz"
74,55,19,18.05033737,62.89366992,6.28886807,84.23613484,"Maiz"
77,57,21,24.9321581,73.80435276,6.550563823,79.74078719,"Maiz"
99,50,15,18.14710054,71.09445342,5.573286437,88.07753741,"Maiz"
74,56,22,18.28362235,66.65952796,6.829199275,80.97573281,"Maiz"
83,45,21,18.83344471,58.75082029,5.716222912,79.7532896,"Maiz"
100,48,16,25.71895816,67.22190688,5.54990242,74.51490791,"Maiz"
79,51,16,25.33797709,68.49835977,6.586244581,96.46380213,"Maiz"
94,39,18,23.89114571,57.48775781,5.893093135,102.8301942,"Maiz"
75,49,15,21.53574127,71.50905983,5.918263801,102.4852929,"Maiz"
78,48,22,23.08974909,63.10459626,5.588650585,70.43473609,"Maiz"
87,54,20,25.61707368,63.4711755,6.576418207,108.8303762,"Maiz"
87,35,25,21.44526922,63.1621551,6.178056304,65.88951188,"Maiz"
63,43,19,18.51816776,55.53128131,6.641906353,90.988051,"Maiz"
84,57,25,22.53510514,67.99257471,6.489040367,64.40866039,"Maiz"
64,35,23,23.02038334,61.89472002,5.680361038,63.03843397,"Maiz"
60,46,22,24.89364635,65.61418761,6.625404348,87.9298085,"Maiz"
98,44,21,25.77175115,74.089114,6.524478032,107.4931917,"Maiz"
75,56,18,19.39851734,62.35750641,5.696205468,60.95197486,"Maiz"
86,55,21,21.54156232,59.64024162,6.803931519,109.7515385,"Maiz"
98,35,18,23.79746068,74.82913698,6.252797548,91.76337172,"Maiz"
76,57,18,18.9802729,74.52600826,6.092725883,94.26249353,"Maiz"
99,56,17,24.10859207,73.13112261,6.234330356,71.07562236,"Maiz"
60,44,23,24.7947077,70.04556743,5.722579819,76.72860067,"Maiz"
74,48,17,21.63162756,60.27766379,6.430616465,69.21803098,"Maiz"
89,60,17,25.37548751,57.21025565,5.983952675,101.7004306,"Maiz"
69,51,23,22.21738222,72.85462807,6.80163854,106.6213157,"Maiz"
96,46,22,20.58314011,69.00128641,6.499936446,66.29390357,"Maiz"
61,60,15,24.87502824,68.74248334,6.265564338,91.26056654,"Maiz"
74,58,18,20.03728219,56.35606753,6.727303282,109.024141,"Maiz"
74,43,23,25.95263264,61.89082199,6.325235159,99.57981207,"Maiz"
63,43,17,19.28889933,65.47050802,6.807487794,71.3195307,"Maiz"
99,36,20,20.57981887,65.34583901,6.671085817,78.34604471,"Maiz"
77,36,23,24.71417533,56.73426469,6.648725327,88.45361858,"Maiz"
87,60,23,20.27317074,63.91281869,6.439071996,62.50351892,"Maiz"
60,38,17,18.41932981,64.23580251,6.474476516,76.41312437,"Maiz"
94,54,17,23.39128187,61.74427165,5.871647806,107.3198135,"Maiz"
95,38,22,19.84939404,61.24500053,5.730617109,100.7689246,"Maiz"
84,44,21,21.869274,61.91044947,5.850439831,107.2681929,"Maiz"
77,58,19,22.8056033,56.50768935,5.791649933,101.5952794,"Maiz"
66,44,20,19.0781471,69.02298571,6.740000688,80.72515943,"Maiz"
63,35,16,22.02720976,65.35549924,6.272417541,83.73280082,"Maiz"
79,45,20,23.80546189,59.24537979,5.715208817,89.9622014,"Maiz"
72,60,25,18.52510753,69.0276233,5.773454729,88.10234397,"Maiz"
67,51,24,23.50297882,61.32026065,5.584171461,64.77791424,"Maiz"
86,36,24,26.54986394,72.89187265,5.787268394,73.33636055,"Maiz"
76,48,18,19.29563411,69.63481219,5.77597783,83.21030571,"Maiz"
75,53,18,20.68899915,59.4375337,6.864793607,103.651438,"Maiz"
81,45,23,19.32666088,68.034493,6.192360003,84.22969177,"Maiz"
73,45,21,24.60532218,73.58868502,6.636803223,96.59195302,"Maiz"
71,35,24,22.27373646,59.52193158,5.826426917,67.96704792,"Maiz"
96,54,22,25.70196694,61.33450447,6.960358276,83.20711308,"Maiz"
99,39,18,19.20129357,68.30578978,6.11275104,87.85092352,"Maiz"
62,48,20,21.70181447,60.47470519,6.708446922,95.71388473,"Maiz"
86,37,16,20.51716779,59.21235483,5.561510732,67.61013737,"Maiz"
94,50,19,23.30355338,73.62548442,5.873242491,97.59081274,"Maiz"
76,39,24,24.2547451,55.64709899,6.995843776,64.23845455,"Maiz"
77,52,17,24.86374934,65.7420046,5.714799723,75.82270467,"Maiz"
74,39,23,22.6265115,65.77472881,6.78073637,88.17251033,"Maiz"
81,49,20,18.04185513,60.61494304,5.513697923,104.2321615,"Maiz"
81,49,20,18.04185513,60.61494304,5.513697923,104.2321615,"Maiz"
63,42,21,23.26237612,72.33125523,5.798423908,67.10225139,"Maiz"
99,38,21,22.88330922,71.59722446,6.352471866,67.72777298,"Maiz"
90,52,25,25.97482359,69.36385721,6.822586546,103.2234212,"Maiz"
68,40,19,26.14384005,66.20569924,6.655426355,107.2361366,"Maiz"
60,57,24,18.66116213,61.55327249,6.121294041,75.03247667,"Maiz"
71,52,18,25.10787449,55.97732754,5.790770203,78.16077693,"Maiz"
61,59,17,23.33844615,59.24580604,6.47444292,105.0083144,"Maiz"
88,38,15,25.08239719,65.92195844,6.455116637,62.49190812,"Maiz"
65,60,22,25.36768364,72.52054555,6.606984086,107.9124111,"Maiz"
78,37,22,25.34217103,63.31801994,6.330554389,74.52082026,"Maiz"
78,58,15,25.00933355,67.816568,6.528631266,62.91359494,"Maiz"
92,60,23,18.66746724,71.516474,5.721667141,69.93293255,"Maiz"
79,59,17,20.37999665,63.73849998,6.644205485,108.5054416,"Maiz"
91,55,15,18.09300227,72.61024172,6.376651091,78.96159541,"Maiz"
76,51,18,26.16985907,71.96246617,6.247040422,79.84925393,"Maiz"
87,48,25,18.65396672,61.37879671,6.656730008,93.62039175,"Maiz"
71,60,22,26.07470121,59.37147589,6.2048017,85.75692395,"Maiz"
90,57,24,18.92851916,72.80086137,6.158860284,82.34162918,"Maiz"
67,35,22,23.30546753,63.24648023,6.385684214,108.7603001,"Maiz"
60,54,19,18.74826712,62.49878458,6.417820493,70.23401597,"Maiz"
83,58,23,19.74213321,59.66263104,6.381201909,65.50861389,"Maiz"
83,57,19,25.73044432,70.74739256,6.877869005,98.73771338,"Maiz"
40,72,77,17.02498456,16.98861173,7.485996067,88.55123143,"Garbanzo"
23,72,84,19.02061277,17.13159126,6.920251378,79.92698081,"Garbanzo"
39,58,85,17.88776475,15.40589717,5.996932037,68.54932919,"Garbanzo"
22,72,85,18.86805647,15.65809214,6.391173589,88.51048983,"Garbanzo"
36,67,77,18.36952567,19.56381041,7.152811172,79.26357665,"Garbanzo"
32,73,81,20.45078582,15.40312102,5.988992796,92.68373702,"Garbanzo"
58,70,84,20.6543203,16.60820843,6.231049028,74.6631118,"Garbanzo"
59,70,84,17.3348681,18.74926979,7.550808267,82.61734721,"Garbanzo"
42,62,75,18.17912258,18.90426935,7.010570541,81.84997529,"Garbanzo"
28,74,81,18.01272266,18.30968112,8.753795334,81.98568791,"Garbanzo"
58,66,79,20.99373558,19.33470387,8.718192847,93.55280105,"Garbanzo"
43,66,79,19.46233971,15.22538951,7.976607593,74.58565097,"Garbanzo"
58,63,81,19.81344531,14.69765308,6.515499549,78.96514709,"Garbanzo"
23,62,85,18.97424756,19.5161216,8.490127142,80.7108745,"Garbanzo"
27,62,77,18.19737048,14.71070537,6.576415562,70.18185181,"Garbanzo"
28,72,84,18.72963144,19.18197264,6.481783043,71.58010169,"Garbanzo"
50,56,76,20.99502153,19.8601304,7.966605025,73.50734019,"Garbanzo"
39,71,84,20.28155898,16.39535215,8.140825437,82.52339655,"Garbanzo"
25,78,76,17.48042641,15.7559405,7.228963452,66.96980581,"Garbanzo"
31,70,77,20.88818675,14.32313811,6.492546046,90.46228334,"Garbanzo"
26,80,83,17.08498521,16.14565756,7.528599957,71.31007253,"Garbanzo"
25,68,77,20.09340593,15.11279612,7.701446446,85.74904898,"Garbanzo"
31,78,76,17.57212145,14.99927489,8.519975748,89.31050665,"Garbanzo"
60,68,83,19.12065218,18.43475844,6.620900869,85.52950164,"Garbanzo"
59,62,83,18.57665902,19.22008229,8.104396058,72.94940441,"Garbanzo"
22,67,78,17.16606398,14.42457525,6.204090835,72.32667516,"Garbanzo"
36,65,80,18.2872007,16.67921616,6.051091339,74.87445574,"Garbanzo"
59,60,84,19.03025305,18.66725565,7.690962338,94.70992037,"Garbanzo"
54,77,85,17.1418614,17.0662427,7.829211144,83.74606679,"Garbanzo"
43,68,81,17.47809436,17.93253975,6.761599706,78.92060234,"Garbanzo"
28,76,82,20.56601874,14.25803981,6.654425315,83.75937135,"Garbanzo"
42,79,85,17.22385224,15.82069268,6.129533877,76.57580954,"Garbanzo"
32,60,83,19.69141713,19.44225438,8.829273328,91.76071648,"Garbanzo"
22,78,76,17.84851658,19.09172907,8.621662982,76.32470713,"Garbanzo"
31,79,75,18.8202251,16.1074793,8.204862075,89.73119396,"Garbanzo"
28,58,81,17.47500984,16.54314829,6.18042747,93.35034262,"Garbanzo"
57,58,77,18.72649425,17.58406365,7.978996755,81.20176515,"Garbanzo"
49,55,78,18.65580107,16.17772668,7.863113671,81.70769297,"Garbanzo"
46,76,77,18.2356751,19.68538502,6.967843048,83.74879344,"Garbanzo"
54,61,77,18.81198127,15.21618225,6.206582193,77.5429424,"Garbanzo"
38,60,76,18.65054116,17.80852431,8.868741443,77.92798682,"Garbanzo"
59,55,79,20.36720401,16.89574311,8.766128654,82.2545577,"Garbanzo"
36,76,75,18.38120357,16.63805158,8.736337905,70.52056697,"Garbanzo"
57,68,81,17.17012591,17.30457712,8.081095263,72.78624223,"Garbanzo"
35,66,81,19.37101121,15.77458129,6.138243973,85.24819851,"Garbanzo"
35,64,78,17.92845928,14.27327988,7.496645259,85.37378769,"Garbanzo"
52,60,79,19.45339934,18.23490739,8.380185271,75.6317566,"Garbanzo"
27,76,83,19.12829388,14.92241479,6.289614016,89.61857826,"Garbanzo"
57,60,84,19.1034283,17.26184541,6.586777189,75.49101167,"Garbanzo"
52,68,78,17.48504075,16.96070581,6.89655198,86.05078037,"Garbanzo"
43,79,79,19.40751744,18.98030507,7.806747656,80.25064637,"Garbanzo"
44,74,85,20.18649426,19.63719995,7.150681303,78.26039559,"Garbanzo"
24,55,78,17.30287885,15.15405941,6.64919573,75.57790384,"Garbanzo"
29,77,75,17.50361137,15.48083156,7.778591618,72.9446671,"Garbanzo"
20,60,78,18.17234999,14.70085967,6.358740355,90.7760707,"Garbanzo"
56,67,78,17.57445618,16.71826572,8.255450758,77.81891424,"Garbanzo"
37,66,85,20.93175255,18.91295403,6.456148474,78.06910795,"Garbanzo"
49,71,76,19.71098332,17.63879418,6.613072145,85.57925437,"Garbanzo"
59,69,80,19.07937684,17.86754927,8.165359297,69.40619137,"Garbanzo"
20,79,77,18.54988627,16.02542689,7.64867466,76.32565249,"Garbanzo"
24,56,85,18.19903647,17.41333199,6.545888558,80.6405403,"Garbanzo"
51,72,75,18.88852533,14.99451145,7.104224797,80.1113384,"Garbanzo"
57,73,85,18.49311205,14.72115044,7.358099622,91.94595352,"Garbanzo"
22,64,82,19.48974337,17.17260319,6.4740245,87.51312796,"Garbanzo"
52,73,79,17.25769499,18.74943955,7.840339389,94.00287214,"Garbanzo"
29,75,75,19.62416326,18.71483156,7.064790365,88.4585692,"Garbanzo"
44,59,78,20.67526473,19.85388984,7.599033472,84.78344008,"Garbanzo"
41,69,82,20.02381489,16.63294455,6.715587232,68.97806542,"Garbanzo"
52,56,85,20.1187446,14.44228303,6.81712422,88.68168643,"Garbanzo"
34,76,80,20.65691793,15.84572566,7.985417393,65.23811143,"Garbanzo"
42,74,83,19.2582557,14.2804191,7.545258424,65.78042032,"Garbanzo"
34,71,79,17.927806,15.85622899,7.728998197,74.63872762,"Garbanzo"
27,73,79,19.16288268,15.83500655,7.354973451,82.69766829,"Garbanzo"
30,70,79,20.26942271,19.96978871,7.313122235,69.64449182,"Garbanzo"
57,57,75,17.09104223,18.25142068,7.785039076,87.27444866,"Garbanzo"
27,79,82,17.06579293,17.54024066,6.307004923,70.87150577,"Garbanzo"
32,71,85,20.62767492,14.44008871,6.403982316,92.06630306,"Garbanzo"
31,76,82,20.8248451,17.85057083,7.599279991,79.20509212,"Garbanzo"
33,75,84,19.46210401,18.72831993,7.217018459,68.81405149,"Garbanzo"
47,80,77,17.18248372,16.42891834,7.561108006,72.85017344,"Garbanzo"
54,62,80,17.48911699,16.39055394,7.489545074,79.45758333,"Garbanzo"
47,79,78,17.48395377,14.76014523,6.609696734,65.11365631,"Garbanzo"
35,57,83,19.48316794,17.44534641,7.476800943,80.4986291,"Garbanzo"
53,73,77,19.71359733,18.09665739,7.325451279,73.64476535,"Garbanzo"
45,61,78,19.48649305,16.06240074,6.489389282,81.5284269,"Garbanzo"
37,78,79,19.95264829,14.82633099,7.786366322,88.6810311,"Garbanzo"
30,75,81,19.41789736,16.80472243,6.408437886,68.4951189,"Garbanzo"
37,55,82,19.45591848,18.02235902,8.423873703,78.44910564,"Garbanzo"
53,65,76,20.19137759,16.41998269,8.719960893,77.33795356,"Garbanzo"
22,60,85,18.8392908,14.74071856,7.811997977,94.78189594,"Garbanzo"
60,61,78,20.71219282,19.83643308,6.317153205,94.03659867,"Garbanzo"
42,67,77,18.99424448,15.9362937,7.114405288,78.69707199,"Garbanzo"
39,76,76,19.96837462,15.57324389,8.135900726,69.15759062,"Garbanzo"
35,63,76,17.81564548,17.60756635,7.714153038,90.82097601,"Garbanzo"
30,65,82,20.71424384,15.27824066,7.103798069,76.77888672,"Garbanzo"
57,56,78,17.34150229,18.75626255,8.861479668,67.9545435,"Garbanzo"
48,65,78,17.43732714,14.33847406,7.861128148,73.0926704,"Garbanzo"
36,56,83,18.89780215,19.76182946,7.4526709,69.09512477,"Garbanzo"
40,58,75,18.59190771,14.77959596,7.168096055,89.60982451,"Garbanzo"
49,69,82,18.31561493,15.36143547,7.26311855,81.78710463,"Garbanzo"
32,73,81,20.45078582,15.40312102,5.988992796,92.68373702,"Garbanzo"
58,70,84,20.6543203,16.60820843,6.231049028,74.6631118,"Garbanzo"
56,79,15,29.48439992,63.19915325,7.454532137,71.89090748,"GranoNegro"
25,62,21,26.73433965,68.13999721,7.040056094,67.15096376,"GranoNegro"
42,61,22,26.27274407,62.28814857,7.418650668,70.23207557,"GranoNegro"
42,73,25,34.03679184,67.21113844,6.501869314,73.23573601,"GranoNegro"
44,58,18,28.03644051,65.06601664,6.814410928,72.49507741,"GranoNegro"
50,55,16,28.81460716,65.33538112,7.581442888,62.26242533,"GranoNegro"
35,72,21,34.03619494,64.28791388,7.741418772,66.85510868,"GranoNegro"
30,64,20,33.8642935,61.57072498,6.573531614,68.02199825,"GranoNegro"
27,64,21,32.84213012,68.68401492,7.543804223,73.67166182,"GranoNegro"
50,74,17,27.10053268,63.36085585,6.5408208,73.84949872,"GranoNegro"
39,73,24,25.65842532,61.18235808,7.22405917,69.28607828,"GranoNegro"
57,67,25,32.34744009,66.61452812,7.551364319,64.55882254,"GranoNegro"
52,63,19,29.58949031,68.32176769,6.928898659,67.53021213,"GranoNegro"
55,66,22,30.91219459,68.79427388,7.747775263,66.63830637,"GranoNegro"
51,56,18,28.12787838,64.2097765,6.706505915,70.86340755,"GranoNegro"
36,66,15,30.08545364,69.34811988,6.668238556,67.1367443,"GranoNegro"
59,55,19,31.74379487,62.51007687,7.332375138,68.97097538,"GranoNegro"
50,58,23,27.81326852,62.50460464,7.596802025,69.75555541,"GranoNegro"
30,65,25,32.88733849,64.59457409,7.70650895,71.50569456,"GranoNegro"
20,62,18,29.36358721,64.98742947,7.366542647,61.91208707,"GranoNegro"
58,71,15,27.82592799,67.5861883,6.919243702,74.01229707,"GranoNegro"
25,71,24,28.49538735,60.44848407,7.187721818,74.91559514,"GranoNegro"
52,71,16,27.74274761,68.53997144,7.075886472,71.78615328,"GranoNegro"
40,63,18,30.41588462,67.66323804,6.74441168,63.02473185,"GranoNegro"
20,60,25,27.3254209,69.09047809,6.726469088,61.19250859,"GranoNegro"
48,61,21,30.28496619,61.69295127,6.628264883,65.62859526,"GranoNegro"
49,68,22,28.56840626,61.53278622,7.127064207,63.49726331,"GranoNegro"
48,62,15,25.36586097,66.6379724,7.538631462,65.81655892,"GranoNegro"
32,66,17,34.9466155,65.26774011,7.162357641,70.1415139,"GranoNegro"
21,63,22,25.09737391,67.72837887,6.859409487,74.61649888,"GranoNegro"
20,72,19,32.47648301,64.34848735,7.397190844,65.820457,"GranoNegro"
25,65,21,33.86351172,68.59232289,6.880245789,69.24464096,"GranoNegro"
41,78,21,25.19857725,60.37332688,6.581313137,70.88787207,"GranoNegro"
53,67,17,31.77681682,69.01852894,7.296972161,61.46892873,"GranoNegro"
39,60,21,34.89814946,63.59948557,6.97297656,64.72797143,"GranoNegro"
25,76,17,31.74105409,68.63525428,7.241148507,62.3061735,"GranoNegro"
21,78,19,27.16159076,66.76017239,6.92009048,69.85112265,"GranoNegro"
57,60,17,26.23773129,67.88521396,7.504608385,73.58663968,"GranoNegro"
56,75,15,30.20157245,60.06534859,7.152272256,66.37171179,"GranoNegro"
49,72,15,31.55846339,67.83563765,7.137004749,74.86960831,"GranoNegro"
24,80,19,29.67892453,69.0854554,6.808041722,65.66436565,"GranoNegro"
49,76,18,27.05365239,67.7017527,7.393631868,60.4693835,"GranoNegro"
28,68,19,34.63880966,61.38597868,7.69950698,72.43169115,"GranoNegro"
55,78,21,33.39438752,62.93692886,6.602888249,63.57445989,"GranoNegro"
50,64,25,28.84079155,63.37230676,6.734447425,70.25496749,"GranoNegro"
34,80,19,31.49338309,63.0563645,6.521217963,71.48327008,"GranoNegro"
20,68,23,25.54960633,63.95425534,7.707332484,63.1830529,"GranoNegro"
55,67,16,34.37329112,69.69366426,6.596719015,70.27184748,"GranoNegro"
23,70,15,34.6008247,63.11296779,7.403623355,60.41790253,"GranoNegro"
53,74,15,29.43463808,64.94329356,7.517097,72.17818157,"GranoNegro"
26,67,16,29.10713092,67.90577375,7.17620823,67.83345933,"GranoNegro"
33,80,22,28.57006111,65.71765781,6.593961761,70.0866434,"GranoNegro"
37,79,19,27.54384835,69.3478631,7.143942758,69.40878198,"GranoNegro"
33,75,21,33.04687968,68.93875631,6.690655045,62.30278274,"GranoNegro"
22,55,20,33.95309131,69.96100028,7.423530351,61.16350463,"GranoNegro"
20,68,17,30.11873003,60.11680815,6.578714843,71.72980375,"GranoNegro"
43,68,20,29.57812712,66.17587668,7.497469256,69.43895491,"GranoNegro"
44,76,22,27.26458947,68.01232937,7.775306272,68.91754359,"GranoNegro"
34,60,16,31.35730791,64.24992106,7.322555223,63.85668948,"GranoNegro"
21,72,17,31.52104732,66.55723677,7.580527339,61.71111448,"GranoNegro"
25,68,19,29.39982732,64.25510719,7.108450121,67.47677295,"GranoNegro"
41,62,15,29.38400259,64.14928485,7.358974541,65.24194361,"GranoNegro"
28,65,23,28.38686534,61.88871127,7.405176138,74.24459122,"GranoNegro"
35,64,15,28.47442276,63.53604453,6.500144962,69.5274407,"GranoNegro"
52,58,16,30.64095781,61.14508627,7.167435834,71.36947525,"GranoNegro"
58,75,25,25.25596239,61.36669662,7.261791753,68.64685069,"GranoNegro"
34,66,19,32.97030511,60.18122078,7.586642101,73.44678678,"GranoNegro"
52,70,16,33.66855394,66.60416867,7.534811833,67.32520551,"GranoNegro"
23,57,19,32.83963757,67.99803573,7.251000789,73.40452716,"GranoNegro"
42,58,25,27.45853567,62.90020977,6.513620918,69.46020927,"GranoNegro"
37,62,17,25.68576704,69.84354028,7.121254928,74.62068748,"GranoNegro"
44,75,22,30.0328403,64.14800537,7.574561547,71.21006868,"GranoNegro"
21,80,20,28.20667264,68.27085245,7.350869792,64.32887142,"GranoNegro"
56,76,16,28.27265858,61.18956161,7.513151076,63.29900785,"GranoNegro"
29,76,15,28.5417236,64.2020154,7.025607706,69.68862306,"GranoNegro"
43,61,20,26.87187036,61.61367264,6.804253866,63.51822045,"GranoNegro"
55,60,15,32.79766751,68.77994074,7.163043872,64.11411069,"GranoNegro"
44,63,15,26.42333018,64.51136845,7.338929556,63.46546487,"GranoNegro"
29,67,21,29.79181107,63.38789228,6.621323612,63.02169909,"GranoNegro"
47,63,16,27.44003279,67.10464369,6.661870999,72.50669768,"GranoNegro"
40,68,17,34.1262979,65.14877461,7.733149554,70.40795007,"GranoNegro"
58,61,15,30.94908189,64.23364112,7.402891666,62.78730907,"GranoNegro"
41,74,18,28.75751783,61.02701476,6.599147298,73.37686831,"GranoNegro"
58,79,17,27.24766491,66.10123083,7.04174124,62.31842057,"GranoNegro"
27,62,24,28.63005477,66.770943,7.353876754,62.2737345,"GranoNegro"
27,60,17,26.41768321,63.64698302,7.026795359,64.42177127,"GranoNegro"
52,65,20,32.81705216,66.15665137,6.814301033,68.83924882,"GranoNegro"
44,55,25,29.6321052,65.91359954,7.42160832,71.16331975,"GranoNegro"
21,62,24,33.49077065,62.73317204,6.847382891,65.45328463,"GranoNegro"
60,59,22,31.86847286,66.74217464,7.191522601,74.22238583,"GranoNegro"
33,77,21,30.32992227,65.62971858,7.01285529,71.64631281,"GranoNegro"
59,58,17,28.546224,66.31394098,7.368318809,62.83469851,"GranoNegro"
29,63,17,30.02629908,67.88811637,7.26154329,66.47264636,"GranoNegro"
59,63,18,31.65531175,60.13263713,6.52669158,66.69096751,"GranoNegro"
29,70,15,30.33499674,63.54718862,6.872594461,74.16699119,"GranoNegro"
58,73,16,33.36984395,65.67718163,6.874142175,64.89517488,"GranoNegro"
55,77,22,31.4345059,62.99303471,7.76061831,64.77651469,"GranoNegro"
42,79,23,27.71678273,63.29103387,6.781841984,68.56507978,"GranoNegro"
44,77,21,32.63918668,61.3009051,7.326980454,61.83876146,"GranoNegro"
38,62,25,32.7477393,67.77954584,7.453975408,63.37784443,"GranoNegro"
35,72,21,34.03619494,64.28791388,7.741418772,66.85510868,"GranoNegro"
32,76,15,28.05153602,63.49802189,7.604110177,43.35795377,"Lenteja"
32,76,15,28.05153602,63.49802189,7.604110177,43.35795377,"Lenteja"
13,61,22,19.44084326,63.27771461,7.728832424,46.83130119,"Lenteja"
38,60,20,29.84823072,60.63872613,7.491217102,46.80452595,"Lenteja"
11,74,17,21.36383757,69.92375891,6.633864582,46.6352865,"Lenteja"
37,71,16,26.28663931,68.51966729,7.324863481,46.13833007,"Lenteja"
29,71,18,22.17499963,62.13873825,6.410441476,53.46622584,"Lenteja"
2,72,18,26.57597546,60.97876599,7.836719564,50.89110726,"Lenteja"
6,59,21,26.58972517,66.14007674,6.139215944,50.90994463,"Lenteja"
13,64,20,19.1345771,62.57526895,6.590571088,36.46946971,"Lenteja"
8,58,17,28.75273118,69.15640149,7.286049978,35.15426171,"Lenteja"
6,77,20,25.78746268,60.2816298,6.058306161,49.14337177,"Lenteja"
2,75,22,23.89271875,61.78779413,6.658605362,52.55730112,"Lenteja"
3,69,23,28.67408774,63.18832976,7.299360767,42.96018627,"Lenteja"
27,80,24,28.42062847,61.77336343,7.815210661,49.02366803,"Lenteja"
39,78,15,21.35499456,62.60136323,5.925391795,41.78219834,"Lenteja"
40,79,17,21.12695586,63.18738532,6.403683619,38.71834464,"Lenteja"
37,62,22,24.02037872,61.62313345,7.397546271,49.78102578,"Lenteja"
31,60,24,25.40474421,65.8567539,7.722335992,51.92057267,"Lenteja"
22,67,22,29.03017561,64.49166566,7.475926645,54.9393771,"Lenteja"
3,78,18,20.21368219,68.65257685,6.887130053,50.89732989,"Lenteja"
4,80,16,29.19585548,68.01965728,7.441976825,44.93261911,"Lenteja"
13,61,24,18.29783597,69.6897615,7.629910253,49.39111479,"Lenteja"
12,66,20,27.41434987,63.41785982,7.336117221,44.43177543,"Lenteja"
4,61,21,24.84063998,60.09116626,6.75020529,48.77790371,"Lenteja"
9,60,21,29.94413861,67.31323084,7.52178027,40.37113729,"Lenteja"
18,66,22,25.87990287,67.55109024,6.347379185,47.89645224,"Lenteja"
32,56,18,20.0467711,65.84395319,7.135251532,46.05333124,"Lenteja"
6,72,15,22.99451999,66.70897237,7.670178119,54.49044154,"Lenteja"
15,77,20,25.13163619,66.92642362,7.399749291,49.04015558,"Lenteja"
0,65,24,28.49584395,62.44616219,7.841496029,53.14531023,"Lenteja"
30,79,22,18.28766124,69.48515056,6.254216611,48.60449438,"Lenteja"
3,63,16,24.38041875,61.18458224,6.868881708,53.13946695,"Lenteja"
2,78,23,21.31852148,66.43934593,7.320514721,45.42616802,"Lenteja"
10,78,18,18.54141834,62.70637578,6.296976913,44.07819743,"Lenteja"
14,67,25,25.28710601,60.85993533,7.241151936,49.37369982,"Lenteja"
39,65,23,25.43459777,69.12613376,7.685959305,41.02682925,"Lenteja"
19,72,15,28.83600962,69.76112921,6.890760124,44.08562546,"Lenteja"
18,57,21,27.37659643,63.93927841,6.155915975,49.47371773,"Lenteja"
31,58,15,28.31886863,60.19461399,6.167855382,45.36521251,"Lenteja"
28,58,25,27.4818649,62.04814951,6.861640036,37.81123974,"Lenteja"
5,65,19,18.28072173,68.10365387,6.978361689,48.80253285,"Lenteja"
16,65,19,27.61204997,69.29786244,7.043160241,42.72374404,"Lenteja"
34,65,19,23.43974653,63.22011726,5.94239222,45.40277297,"Lenteja"
14,69,19,20.95628486,63.68128841,7.239455147,52.39881209,"Lenteja"
22,55,16,23.7937153,68.03209183,6.516317561,49.73922097,"Lenteja"
24,61,17,22.6371424,65.44544859,6.233269045,38.30411077,"Lenteja"
2,79,15,21.53577883,65.47227704,7.505283615,35.75107592,"Lenteja"
26,63,17,29.87854588,65.73085206,6.950300686,44.95654782,"Lenteja"
27,61,15,25.2653291,67.10004577,6.958054839,48.33941188,"Lenteja"
24,70,16,25.17885316,68.93307305,6.54803469,35.03484812,"Lenteja"
13,74,25,24.12192608,61.09533545,6.461618577,44.23629285,"Lenteja"
6,64,23,23.33565221,67.40460704,7.065264073,36.18678721,"Lenteja"
12,58,23,21.74600081,63.39503184,6.765091462,50.43306085,"Lenteja"
32,79,22,27.60195453,63.46170674,5.91645379,54.37814199,"Lenteja"
6,68,18,24.388717,62.50453062,6.711341147,47.26052494,"Lenteja"
10,79,20,24.98287462,66.895409,6.379881442,38.21370568,"Lenteja"
38,77,22,28.234829,69.3159965,6.313284268,35.36831423,"Lenteja"
17,74,17,26.03026959,69.55863145,7.393210848,37.11395801,"Lenteja"
26,68,24,28.04849594,64.07691942,7.504930973,37.15824966,"Lenteja"
23,75,17,24.87425505,64.00213929,7.198076286,48.28137482,"Lenteja"
32,78,22,23.97081395,62.35557553,7.007037515,53.40906048,"Lenteja"
19,79,19,20.06003985,67.76252583,6.677262562,42.89509057,"Lenteja"
22,60,18,19.59221047,61.28633405,6.74398035,41.7704893,"Lenteja"
28,69,16,29.77013109,66.29327012,6.547361618,35.69674138,"Lenteja"
1,67,21,27.52135365,60.53657684,6.551577598,48.06491307,"Lenteja"
12,67,23,25.62896213,63.14909763,6.585020303,45.49683991,"Lenteja"
36,67,20,20.39078312,60.47528931,6.924042372,53.31508572,"Lenteja"
28,70,21,25.39038396,60.4989659,7.437373666,39.18374505,"Lenteja"
12,71,19,24.91079638,60.71367427,7.142611056,42.19740397,"Lenteja"
22,68,16,27.70496805,63.20915034,7.74672376,37.46160727,"Lenteja"
26,66,22,18.06486101,65.1034354,6.300479414,51.54922825,"Lenteja"
16,65,16,18.13027797,62.45851612,6.078724107,50.6128521,"Lenteja"
14,59,22,23.82723528,67.89815262,6.76660668,46.90725077,"Lenteja"
33,59,19,23.19305333,62.74710773,7.641024177,49.55213308,"Lenteja"
21,63,17,25.08966129,68.17543102,6.559681838,41.45486619,"Lenteja"
0,69,21,25.86928193,61.88321072,7.072923306,36.68284038,"Lenteja"
10,75,17,18.43966037,68.05394959,7.732194788,39.00992137,"Lenteja"
30,61,18,27.14911056,67.02664337,6.157782589,52.50812701,"Lenteja"
0,74,17,23.33375853,64.50515776,7.240988401,47.01510708,"Lenteja"
35,74,22,26.7230014,62.96841833,6.898905799,42.87274897,"Lenteja"
7,63,24,19.55750776,64.45268309,6.818681086,53.04669416,"Lenteja"
9,56,17,26.13708256,66.7729209,6.261937875,46.48280681,"Lenteja"
14,74,15,27.99990346,65.57653373,6.493036868,49.94043064,"Lenteja"
14,76,20,29.05941162,62.10652364,7.042474679,36.5011366,"Lenteja"
36,65,16,25.71269843,64.1123333,7.692013657,50.17067771,"Lenteja"
28,67,21,21.79792649,63.73086065,6.250994223,46.62370222,"Lenteja"
28,79,16,24.70626432,60.26854183,6.052184881,53.12442925,"Lenteja"
40,61,22,20.94981756,65.8108757,7.002216044,44.23913012,"Lenteja"
10,70,19,24.84918386,68.98088448,7.272427638,41.61080544,"Lenteja"
12,80,19,21.91041045,65.21662467,5.962001484,36.10211371,"Lenteja"
37,77,20,25.93381964,68.70533022,7.080506001,51.02372773,"Lenteja"
0,67,22,29.82112112,69.4073209,6.593798387,51.56461082,"Lenteja"
7,73,25,27.52185591,63.13215259,7.28805662,45.20841071,"Lenteja"
10,56,18,27.99627907,68.6428593,7.32710972,46.10585191,"Lenteja"
39,70,15,20.76774783,63.90164154,6.366355781,47.9271552,"Lenteja"
26,56,22,23.05276444,60.424786,7.011121216,52.60285259,"Lenteja"
9,77,17,21.65845777,63.58337146,6.280725549,38.07659414,"Lenteja"
4,59,19,26.25070298,67.62779652,7.621494566,40.8106299,"Lenteja"
34,73,15,20.97195263,63.83179889,7.630424083,53.10207889,"Lenteja"
33,77,15,23.89736406,66.32102048,7.802212437,40.74536757,"Lenteja"
2,24,38,24.55981624,91.63536236,5.922935513,111.9684622,"Granada"
6,18,37,19.65690085,89.93701023,5.937649578,108.0458926,"Granada"
8,26,36,18.78359608,87.4024767,6.804781106,102.5184759,"Granada"
37,18,39,24.1469628,94.5110662,6.424670614,110.2316633,"Granada"
0,27,38,22.44581266,89.90147027,6.738016221,109.3905998,"Granada"
31,25,38,24.96273236,92.40501423,6.497366677,109.4169192,"Granada"
21,21,38,22.5526059,89.3259486,6.327673765,104.8955643,"Granada"
6,30,40,22.77035608,91.45498527,6.36137446,106.9659201,"Granada"
25,27,41,19.20090378,94.27659596,6.923509371,108.0423555,"Granada"
15,11,38,23.12808226,92.68328358,6.630646083,109.3930157,"Granada"
14,5,36,24.92639065,85.19098079,5.832525853,104.7693804,"Granada"
16,10,41,24.77464458,85.63608688,6.738993954,105.7595811,"Granada"
36,7,37,19.8671184,86.35590206,5.782435567,108.3168858,"Granada"
4,20,41,24.26601316,93.7974061,6.537042717,104.5375109,"Granada"
29,22,40,23.62600218,89.73266695,6.145104401,107.6836871,"Granada"
16,15,42,19.67832052,89.08935702,6.890784045,108.5468633,"Granada"
18,27,41,22.36509395,92.30882391,7.175344328,104.8216333,"Granada"
11,18,42,21.57936934,94.88267728,5.938528744,102.8593382,"Granada"
5,15,38,18.26233221,88.16779129,5.709380472,108.0756727,"Granada"
18,23,44,23.71028128,89.61794165,6.184400085,105.6499907,"Granada"
9,8,40,22.48720144,89.9224883,6.553509673,111.6631582,"Granada"
40,27,45,21.6602498,94.79397419,5.885638185,112.4349689,"Granada"
22,23,44,20.13037175,89.31505137,6.143874691,107.3416913,"Granada"
9,16,39,18.41164435,91.11927248,6.101198974,105.1834976,"Granada"
12,29,40,19.68291173,89.75272999,6.594037135,111.2818551,"Granada"
0,17,42,23.20242586,91.19442671,6.859840821,109.0946323,"Granada"
2,21,44,18.92157197,87.31290342,6.56893406,102.8013275,"Granada"
28,6,40,22.10621387,91.34039616,6.769855664,106.8704803,"Granada"
8,23,44,18.47412402,89.68919664,7.130837931,108.4758509,"Granada"
29,16,36,19.81069447,88.92944254,5.740338002,102.860084,"Granada"
17,18,43,24.4880844,90.83687246,5.843005428,103.1969341,"Granada"
34,21,42,18.75927679,89.93457597,6.648687274,111.0196744,"Granada"
21,23,42,19.54128063,90.29751796,6.902751061,104.3739878,"Granada"
25,17,40,18.91251245,87.74938524,6.608023872,111.2800516,"Granada"
8,25,36,19.91330523,94.95031368,6.828522375,104.0277061,"Granada"
26,18,42,19.72620525,89.64934166,6.910374919,108.2287276,"Granada"
4,19,42,23.83185873,87.84034604,6.306605528,111.2232716,"Granada"
36,24,41,24.94467632,94.25702672,7.009180374,103.8799347,"Granada"
5,24,40,24.692258,93.87030088,6.297907579,104.6735454,"Granada"
19,17,39,24.72485577,85.56083187,6.728599215,111.2787584,"Granada"
39,30,38,20.12644921,87.59629625,6.965156738,108.065579,"Granada"
5,29,44,21.02432943,93.0569505,5.578095745,104.7847006,"Granada"
4,24,43,22.40423537,88.1508343,7.199504273,109.8695196,"Granada"
38,21,35,20.33691147,89.38003827,5.841367187,110.9653137,"Granada"
37,11,36,24.24779615,85.56033312,6.710143266,106.9216033,"Granada"
9,25,41,24.81530144,91.90842992,5.972714857,109.2853418,"Granada"
29,22,43,19.66329768,87.95158129,5.561851831,106.0380805,"Granada"
5,21,38,22.43377991,90.3396556,6.107054808,112.459697,"Granada"
22,26,38,22.92052307,85.12912161,6.988035315,110.2437841,"Granada"
4,18,37,22.91843172,85.40695044,7.13147457,106.2817706,"Granada"
21,6,41,24.88244467,89.39686219,7.086947687,107.1951707,"Granada"
29,21,45,23.40981539,93.13277,6.749260456,105.2240743,"Granada"
23,5,44,21.20725375,94.26304717,7.16300467,107.5660804,"Granada"
13,7,43,18.20230419,91.12282162,7.013481515,109.6623974,"Granada"
5,13,37,22.34375696,89.7870345,5.648243649,103.3183074,"Granada"
27,24,41,24.32770134,90.88292835,6.610251186,110.4606459,"Granada"
7,23,35,19.75088482,88.71691157,7.054313823,102.5538035,"Granada"
12,20,39,19.86173586,86.19740917,6.026999326,111.0217929,"Granada"
4,19,43,18.07132963,93.14554876,5.779427402,106.3602023,"Granada"
3,9,45,23.89162561,89.61850203,6.535244251,104.617522,"Granada"
1,27,36,23.98598756,93.34236582,5.684995235,104.991282,"Granada"
23,30,44,20.93892916,85.42912869,6.12476108,103.0295938,"Granada"
24,21,42,20.82210727,87.22815682,6.999014379,109.4429934,"Granada"
13,30,37,20.86474944,91.61793636,6.277148771,106.8685636,"Granada"
40,11,44,24.45840036,86.10874614,6.322396027,111.3779693,"Granada"
21,9,40,24.51147697,90.64498715,5.956401828,105.6209954,"Granada"
3,27,44,24.56811204,92.03009222,6.591302797,110.9633894,"Granada"
40,29,42,24.63228709,89.01574455,7.104094929,110.6956184,"Granada"
14,25,40,20.07386547,90.97819712,6.407872061,103.7084055,"Granada"
38,14,37,21.80523051,94.63612858,6.658402594,102.6488846,"Granada"
34,9,36,22.8122645,86.34233767,6.276038961,110.4432293,"Granada"
32,14,37,22.73031253,88.48567856,6.825256236,104.6843243,"Granada"
18,21,35,23.2801227,94.94330457,6.368560522,111.1382096,"Granada"
8,23,38,19.30106297,87.1775172,7.005410734,105.4766591,"Granada"
15,6,41,19.0087067,88.83768149,6.897368477,108.6793978,"Granada"
0,5,36,24.35193812,90.88612388,6.152906502,105.529185,"Granada"
22,9,44,24.72235539,88.87651295,5.744361602,112.1926517,"Granada"
14,8,43,21.92513945,94.46485312,7.051654924,111.7162016,"Granada"
31,11,45,24.83954414,86.88738076,6.034612928,107.6435771,"Granada"
39,17,45,18.09691127,90.42177379,6.924490731,104.88189,"Granada"
10,5,42,20.24104904,91.08706822,6.887005997,109.2537734,"Granada"
8,28,38,23.22594,94.42971362,6.8444019,105.6917856,"Granada"
32,13,42,23.50128217,92.97527546,5.786058032,106.61905,"Granada"
18,9,40,19.44623085,89.02127045,5.627186257,106.1606833,"Granada"
20,27,41,20.51343484,92.51675903,5.700088663,110.5764023,"Granada"
39,25,36,18.90223032,94.99897537,5.567805185,107.6103211,"Granada"
20,7,45,18.90592319,89.24126808,6.077886012,112.4750941,"Granada"
11,10,45,22.63045168,88.45577158,6.397995609,109.0357597,"Granada"
40,18,43,19.38603815,86.79058496,5.767372539,109.9130984,"Granada"
3,26,39,24.38318965,91.19431555,7.079973241,103.6012114,"Granada"
9,16,36,23.77989026,92.93386903,5.893332378,106.977723,"Granada"
30,20,38,22.59890174,93.16343942,7.058222596,110.0932899,"Granada"
40,9,41,24.37766782,85.4017118,5.78270695,106.128338,"Granada"
40,30,35,20.89273273,91.07776977,6.269663963,104.4407083,"Granada"
32,25,35,18.09903225,85.70786282,5.892913826,107.0050976,"Granada"
33,23,45,20.00218987,85.83618191,7.116538883,112.337046,"Granada"
4,14,41,19.85139326,89.80732335,6.430163481,102.8186358,"Granada"
13,17,45,21.25433607,92.65058936,7.159520979,106.2784673,"Granada"
39,24,39,23.65374106,93.32657504,6.431265737,109.8076178,"Granada"
8,28,37,23.88404783,86.20613842,6.082571701,108.3121789,"Granada"
91,94,46,29.36792366,76.24900101,6.149934034,92.82840911,"Banana"
105,95,50,27.33368994,83.67675197,5.849076099,101.0494791,"Banana"
108,92,53,27.40053601,82.96221306,6.276800323,104.9378,"Banana"
86,76,54,29.3159075,80.11585705,5.926824754,90.10978128,"Banana"
80,77,49,26.05433004,79.39654531,5.519088423,113.2297373,"Banana"
93,94,53,25.86632408,84.42379269,6.079178788,114.5357503,"Banana"
90,92,55,27.00932084,80.18546798,6.13465588,97.32531705,"Banana"
108,89,53,29.55054817,78.06762846,5.808497604,99.34482238,"Banana"
108,88,55,26.28845991,83.390039,5.891458107,113.8729798,"Banana"
105,77,52,29.16226551,76.16151562,5.816622479,100.0075679,"Banana"
118,88,52,28.65003945,82.68752542,5.843163161,98.75084366,"Banana"
101,87,54,29.07311132,76.50045221,6.376756633,100.1692639,"Banana"
95,75,50,28.08166093,75.26429821,5.623615687,118.2761894,"Banana"
106,85,53,27.1994597,78.8086068,5.91505509,99.72430835,"Banana"
86,95,49,28.05484146,78.04602887,6.458714879,108.3957179,"Banana"
83,79,55,25.14748006,83.34688193,5.565028635,98.66679427,"Banana"
85,95,47,25.94019018,78.3422098,6.211833161,119.84797,"Banana"
109,79,45,27.66752761,79.68542782,6.490074429,108.66464,"Banana"
100,76,45,25.56703012,75.94067692,5.590236025,102.7867717,"Banana"
117,86,48,28.6956201,82.54195839,6.225225239,116.1616839,"Banana"
114,94,53,26.33544853,76.8532006,6.190757459,118.6858263,"Banana"
110,78,50,25.93730186,78.89864446,5.915568968,98.21747528,"Banana"
94,70,48,25.13686519,84.88394407,6.195152442,91.46442491,"Banana"
80,71,47,27.50527651,80.79783998,6.156373499,105.0776992,"Banana"
114,79,51,26.21009246,82.34429458,6.313197204,112.0700033,"Banana"
88,78,45,29.10403455,79.19588629,6.324270089,92.07835761,"Banana"
112,73,48,29.2440638,77.32017166,5.707488987,90.66727868,"Banana"
117,76,47,25.56202173,77.38229006,6.119216009,93.10247183,"Banana"
111,87,48,26.3985515,81.36028902,5.571401169,98.16752001,"Banana"
89,83,47,28.09577643,77.79586769,5.63127166,109.5408614,"Banana"
93,91,47,27.84767901,83.31110751,6.101241579,117.2878912,"Banana"
92,81,52,27.39341554,81.4654833,6.438137279,94.31102057,"Banana"
105,74,45,25.14517635,81.38204104,6.098369122,119.218154,"Banana"
102,71,48,28.65456263,79.28693687,5.695267822,102.4633775,"Banana"
94,91,51,29.16093424,76.67484233,5.618094446,109.575944,"Banana"
116,71,47,27.57278064,82.0638878,6.435785799,91.34276507,"Banana"
117,79,49,25.40909896,82.36208097,6.176644228,112.9794804,"Banana"
119,72,55,25.99069521,83.33983116,6.220643671,112.0777152,"Banana"
119,72,55,25.99069521,83.33983116,6.220643671,112.0777152,"Banana"
99,73,53,26.29039046,81.06003778,5.871702211,118.6730366,"Banana"
91,84,52,29.14827211,78.71024836,6.390741836,117.536781,"Banana"
80,90,47,26.59743595,79.35898915,6.21084479,107.3944717,"Banana"
101,70,48,25.36059237,75.03193255,6.012696655,116.5531455,"Banana"
108,89,53,29.12036889,80.18080728,5.908770059,112.3982055,"Banana"
100,80,52,27.53911354,77.25629897,6.049801781,110.3262123,"Banana"
109,91,53,29.66727337,83.51014178,6.010095853,110.2511102,"Banana"
82,78,46,25.05802193,84.97323747,5.738678895,110.4408803,"Banana"
106,70,55,25.86824781,78.52399914,5.74055541,116.3019555,"Banana"
90,86,52,25.85036988,81.95580471,5.793260262,119.0856171,"Banana"
83,95,50,26.51682337,77.79913575,5.50947065,108.8547508,"Banana"
119,90,48,28.66725136,79.59242542,5.986442306,118.2583441,"Banana"
107,72,45,28.14938935,81.54448882,5.790768046,91.40508414,"Banana"
116,81,55,26.42313317,83.6995044,5.915546415,95.12322062,"Banana"
101,75,50,26.59386409,81.40740301,6.242528278,109.9825551,"Banana"
93,81,50,27.71822477,76.57853189,6.036079266,102.2099836,"Banana"
95,75,45,28.98333432,82.95958244,5.829898502,109.022564,"Banana"
107,71,55,29.42017919,83.96754496,6.088064451,117.229079,"Banana"
83,94,47,27.39872329,81.10523402,6.469370954,112.1355384,"Banana"
102,73,54,26.4020227,84.41007614,5.720726906,111.0162259,"Banana"
86,79,45,27.81251452,82.69285419,5.80766417,99.20961514,"Banana"
117,86,53,25.19640218,83.55829874,5.703381728,115.8586081,"Banana"
111,79,53,28.31193338,75.77363772,6.165001278,119.695765,"Banana"
95,74,50,25.90113128,80.47152737,6.002481605,110.10323,"Banana"
91,75,55,27.48612983,76.11239849,6.212369363,109.2768851,"Banana"
93,83,46,29.38254012,83.50423735,5.765308943,109.2486647,"Banana"
92,85,51,29.22118628,81.08183635,5.740764682,108.8616474,"Banana"
104,80,54,27.09062164,81.33506906,5.879119455,110.1331182,"Banana"
103,72,51,26.12643374,81.81365007,6.099478745,104.4812858,"Banana"
92,75,45,29.01207743,77.95192527,5.674403359,90.43495443,"Banana"
93,85,49,27.96799119,79.28625709,5.694243847,119.4765557,"Banana"
120,87,52,28.0764455,76.05522115,5.905494703,118.9923573,"Banana"
108,72,46,25.16278237,84.97849241,6.110844721,90.94554618,"Banana"
105,88,54,25.78749808,84.51194224,6.020445317,114.2005455,"Banana"
98,79,50,25.34119774,84.47321314,6.435917308,91.06493353,"Banana"
111,88,55,29.44795403,78.34971537,5.505393833,96.45042585,"Banana"
97,74,45,26.47522633,78.51833782,5.677719902,113.1161095,"Banana"
95,82,48,27.39489579,83.31172003,5.719014989,92.78133617,"Banana"
89,91,55,25.08347445,80.261731,6.275572298,94.32961456,"Banana"
89,85,55,26.6719835,76.48541655,6.275384607,91.73358569,"Banana"
118,88,51,25.44926208,79.49221962,6.201911642,100.6619171,"Banana"
101,92,45,28.22776705,80.6430384,5.758054257,98.00403016,"Banana"
99,92,47,28.1279509,77.48247073,6.323933647,103.5045395,"Banana"
82,77,46,28.9470467,82.1888998,5.901100841,95.83016448,"Banana"
90,86,55,27.96236771,84.15403614,5.644486582,97.55986676,"Banana"
95,88,52,28.00316034,78.90085998,6.235461772,94.68180316,"Banana"
104,73,46,29.1400919,80.1190228,6.28236237,90.45142867,"Banana"
102,73,52,27.9122104,83.36307683,6.356090905,90.24211529,"Banana"
100,74,52,25.43480512,81.53977797,5.837258235,96.47800391,"Banana"
94,89,48,28.55980972,84.51602322,5.653437902,111.0843029,"Banana"
99,70,46,26.59580783,82.99556744,5.727469947,100.5123341,"Banana"
112,87,48,27.19711623,77.3970629,6.200111068,99.46950465,"Banana"
117,82,45,25.29391516,79.29122198,5.614471478,105.4220251,"Banana"
96,86,51,29.90888522,76.98740841,6.257369799,91.99964712,"Banana"
113,85,45,27.94972463,76.63713353,6.037430836,109.0921631,"Banana"
105,93,46,25.01018457,78.76260938,5.760457558,108.3690513,"Banana"
85,89,51,29.21144871,84.70189923,6.158164422,108.5501443,"Banana"
108,94,47,27.35911627,84.54625006,6.387431383,90.81250457,"Banana"
92,81,52,28.0106804,76.52808057,5.891413895,103.7040783,"Banana"
110,71,54,28.67208915,82.20793613,5.725418961,94.37987496,"Banana"
82,75,55,27.34585147,78.4873835,6.281069505,92.15524332,"Banana"
117,81,53,29.50704598,78.20585613,5.507641778,98.12565829,"Banana"
2,40,27,29.73770045,47.54885174,5.954626604,90.09586854,"Mango"
39,24,31,33.55695561,53.72979826,4.757114897,98.67527561,"Mango"
21,26,27,27.00315545,47.67525434,5.699586972,95.85118326,"Mango"
25,22,25,33.56150184,45.53556603,5.977413803,95.70525913,"Mango"
0,21,32,35.89855625,54.25964196,6.430139436,92.19721736,"Mango"
20,19,35,34.17719782,50.62161586,6.113935087,98.00687989,"Mango"
19,21,34,30.01592643,53.19212381,5.074272692,97.72843182,"Mango"
18,17,31,31.74592134,45.16127859,5.667507706,93.75441586,"Mango"
11,36,33,35.99009679,52.22780489,5.978634285,95.3713484,"Mango"
30,28,30,31.86641378,52.19331595,5.064613314,98.46768642,"Mango"
18,19,27,27.75518664,52.34605806,4.772385986,94.11213345,"Mango"
23,23,27,34.72413192,51.4271781,5.161148592,97.31258083,"Mango"
37,30,34,27.53907547,53.63549533,6.797779227,99.35408185,"Mango"
11,27,30,27.69637763,48.5622488,6.39474303,89.85646496,"Mango"
12,19,31,27.25373364,52.66319725,5.566704378,91.87312479,"Mango"
3,28,33,30.33723921,48.88704844,5.755049971,94.42850522,"Mango"
37,38,32,31.85744939,45.53106268,5.417340525,91.55845821,"Mango"
26,37,30,35.39986338,49.45962621,6.166173834,97.41054011,"Mango"
14,18,30,29.80747243,52.13797867,5.191265116,95.74606104,"Mango"
40,16,35,34.16438906,54.16482251,4.954739564,98.33351125,"Mango"
4,20,25,28.93270187,47.94053996,5.664587011,99.9834242,"Mango"
36,25,33,27.98392787,53.33018851,5.548584852,99.61465679,"Mango"
30,17,31,31.20478173,54.49960506,6.804437106,94.62954663,"Mango"
28,37,28,32.13409675,50.52559148,6.097869767,98.63333684,"Mango"
38,15,30,28.91862016,48.13974548,5.075504537,97.01331604,"Mango"
12,37,30,31.09779147,47.41196659,4.546466109,90.28624348,"Mango"
38,19,31,34.73823882,49.08864345,5.855119268,90.65022183,"Mango"
8,33,29,29.98080499,49.48613279,6.442393461,91.82271568,"Mango"
15,27,28,33.80398664,46.12866113,4.507523551,90.82549241,"Mango"
34,16,25,30.07202564,50.96040505,6.10729559,92.09609766,"Mango"
11,36,31,27.92063282,51.77965917,6.47544932,100.2585673,"Mango"
33,29,34,31.40948821,49.21729127,6.832979509,92.99739415,"Mango"
12,31,26,35.7877738,51.94190321,5.395275719,100.2160615,"Mango"
12,34,28,33.36140093,45.02236377,6.13526938,98.81596545,"Mango"
5,16,31,35.96054636,48.69677802,4.555688532,98.00644238,"Mango"
33,29,34,31.40948821,49.21729127,6.832979509,92.99739415,"Mango"
12,31,26,35.7877738,51.94190321,5.395275719,100.2160615,"Mango"
12,34,28,33.36140093,45.02236377,6.13526938,98.81596545,"Mango"
5,16,31,35.96054636,48.69677802,4.555688532,98.00644238,"Mango"
1,30,29,28.33333307,51.39586505,6.434197756,91.67241761,"Mango"
16,35,31,32.27652024,50.19368841,5.316875978,95.99487068,"Mango"
35,18,26,31.99490489,50.84881347,5.279388967,97.38741498,"Mango"
4,40,26,27.58258929,48.56916221,6.720041791,95.8445641,"Mango"
9,29,34,29.38471637,45.88744691,5.72742254,100.8124659,"Mango"
2,38,33,32.38697531,53.2328243,4.691396195,90.21633216,"Mango"
26,32,32,30.91471455,49.92963856,6.810186079,90.14047759,"Mango"
34,38,31,35.37775595,45.58110023,6.454045329,97.41586402,"Mango"
5,32,33,32.32362177,52.5896771,5.842763773,93.36718816,"Mango"
31,29,26,28.22373428,47.40519056,5.024124684,97.76832322,"Mango"
34,34,35,27.27433181,47.16808054,6.422710539,95.257992,"Mango"
36,19,32,27.10710832,50.70880979,4.94295037,92.37238878,"Mango"
7,17,26,34.89226666,48.75613373,6.414526606,91.63074547,"Mango"
38,15,27,33.7462686,48.50387598,6.777788126,92.26439205,"Mango"
5,19,25,27.3511056,54.43945147,6.441328044,96.27792547,"Mango"
37,36,26,32.89300162,52.61323969,4.650536197,94.49161372,"Mango"
21,31,32,35.38598705,51.42664176,5.254532213,90.29643888,"Mango"
37,36,27,27.5529736,47.90859131,5.910634533,90.40332704,"Mango"
23,23,30,32.82141065,47.45553843,4.755273631,90.89173106,"Mango"
36,26,26,30.17294105,51.0845903,6.814630246,95.23444287,"Mango"
24,33,35,29.26382931,54.82257868,5.342866119,100.7586226,"Mango"
26,18,30,32.06097197,51.08494181,6.336234624,96.59816497,"Mango"
22,17,26,28.69818144,47.71875722,4.754435025,99.642454,"Mango"
11,34,32,29.14305008,49.40983294,6.831706773,97.55155537,"Mango"
29,35,28,28.3471611,53.53903102,6.967417766,90.40260445,"Mango"
22,28,26,27.67256197,45.41692012,4.947683034,92.84991507,"Mango"
23,24,32,28.1218093,46.16888595,5.630619901,93.30247448,"Mango"
1,35,34,30.79375683,46.69536813,,92.21318555,"Mango"
2,24,34,28.89409382,54.80750249,6.472774648,94.76322976,"Mango"
39,37,25,33.33024826,45.61143594,6.953246506,98.28583013,"Mango"
15,36,27,27.78912455,53.96886679,5.643710216,91.01152997,"Mango"
3,18,31,31.65333432,48.20662669,6.392313973,91.09745581,"Mango"
8,38,32,29.75150773,46.73723302,4.981816523,,"Mango"
33,31,34,31.32995611,50.22287593,5.421265283,89.78216168,"Mango"
14,29,32,35.63627319,48.97047762,6.942520105,97.51952041,"Mango"
18,20,26,31.66524687,51.98594645,5.435840509,89.98024312,"Mango"
9,21,32,32.26935342,53.56092806,5.870116071,95.94035356,"Mango"
20,30,27,27.81005614,51.59445462,4.74910393,95.89898581,"Mango"
9,38,25,34.58561471,50.34035336,5.497946899,100.3060719,"Mango"
26,24,34,31.27180992,52.23810152,6.811291098,89.74409017,"Mango"
31,36,29,33.93679864,52.72170281,6.460542749,97.4611918,"Mango"
14,18,35,31.09154239,47.02058367,4.791146778,91.46664318,"Mango"
40,16,35,31.89356292,49.02450149,6.4841522,89.59371481,"Mango"
28,27,34,32.45465292,50.69693751,6.526654345,95.04871605,"Mango"
0,17,30,35.47478322,47.97230503,6.279133738,97.79072474,"Mango"
1,29,29,27.32961444,49.30347234,6.052026047,93.53197359,"Mango"
2,36,31,30.90225239,49.95955487,5.73171945,91.77522598,"Mango"
12,27,26,29.09382275,45.5661059,5.32307197,96.23520043,"Mango"
7,28,35,30.02086169,46.78393776,4.66910839,96.63721027,"Mango"
0,36,26,34.13072188,51.25786185,,,"Mango"
26,35,31,33.44619894,53.05980465,5.339556562,98.05089394,"Mango"
27,21,30,35.3915464,52.48823147,5.061081874,91.22881052,"Mango"
22,38,31,31.53356352,53.06009323,5.821106036,98.57025046,"Mango"
22,18,31,30.7645515,47.93791463,5.956027059,90.38503469,"Mango"
28,23,28,30.01821337,50.0983181,5.676032581,96.08745082,"Mango"
7,31,27,31.32863689,47.59319575,6.524114355,94.67344737,"Mango"
29,34,26,33.88004781,54.39416048,6.273953676,89.29147581,"Mango"
8,37,33,28.07802689,54.9640534,6.128167757,97.45373619,"Mango"
39,16,27,35.53845018,52.94641947,4.934964765,91.54560427,"Mango"
40,24,25,28.70595247,50.44030129,5.445008416,95.8946444,"Mango"
19,38,26,31.48451729,48.77926304,4.525722333,93.17221967,"Mango"
21,21,30,27.69819273,51.41593238,5.403908328,100.7720705,"Mango"
22,18,33,30.41235793,52.48100602,6.621623545,93.92375879,"Mango"
31,20,30,32.17752026,54.01352682,6.207495815,91.88766069,"Mango"
18,26,31,32.6112614,47.74916499,5.418475257,91.10190759,"Mango"
24,130,195,29.99677232,81.54156612,6.112305667,67.12534492,"Uva"
13,144,204,30.7280404,82.42614055,6.092241627,68.38135469,"Uva"
22,123,205,32.44577836,83.88504863,5.896343436,68.73932528,"Uva"
36,125,196,37.46566825,80.65968681,6.15526103,66.83872293,"Uva"
24,131,196,22.03296178,83.74372787,5.732453638,65.34440794,"Uva"
2,123,198,39.64851881,82.21079946,6.253034534,70.39906054,"Uva"
35,140,197,16.77557314,82.75241875,6.106190557,66.76285469,"Uva"
11,122,195,12.14190714,83.56812483,5.647202395,69.63122027,"Uva"
6,123,203,12.7567962,81.62497448,6.130310493,66.77844567,"Uva"
17,134,204,39.04071989,80.18393287,6.499604931,73.88467027,"Uva"
25,130,197,39.70772192,82.68593454,5.554831977,74.91506217,"Uva"
27,145,205,9.467960445,82.29335466,5.800242694,66.02765219,"Uva"
9,122,201,29.58748357,80.91934392,5.570290539,68.06417307,"Uva"
16,139,203,17.82803682,80.96093443,6.27564088,65.84748763,"Uva"
32,141,204,8.825674745,82.89753705,5.536645599,67.235765,"Uva"
22,138,195,27.83487131,83.51444973,6.208196881,73.02882766,"Uva"
31,144,202,11.02105378,80.55557235,5.870600622,68.23963161,"Uva"
3,136,205,17.5862944,80.84806564,6.334771461,71.4065452,"Uva"
28,122,197,19.89363946,82.73366439,5.856575335,69.66256816,"Uva"
4,136,204,29.93707596,81.77713468,5.898944282,65.52279323,"Uva"
39,145,201,36.73126647,80.58931938,5.775600435,72.24230804,"Uva"
38,132,197,20.42094753,81.54185044,5.931101816,66.93065667,"Uva"
36,133,198,25.51939719,83.98351748,6.2286454,69.17281221,"Uva"
25,121,201,30.50734778,82.71775569,5.594240603,70.08200379,"Uva"
15,125,199,18.4269936,80.55625868,5.569230319,69.75734306,"Uva"
24,140,205,12.087022,83.59398734,5.93202852,68.66813363,"Uva"
13,132,203,23.60115364,82.48336987,6.423216506,73.23901752,"Uva"
5,126,197,12.80000387,81.20876367,6.417500829,67.10439401,"Uva"
30,120,200,38.06099482,82.24729637,6.234904253,65.70148216,"Uva"
23,142,197,39.06555518,82.03812973,6.000573725,69.30772897,"Uva"
26,135,203,33.78372897,81.16314317,5.685102769,74.53557341,"Uva"
7,126,203,16.76201707,82.00335557,5.662140095,73.28712806,"Uva"
32,139,198,35.89307536,82.66850729,6.358186848,66.53946559,"Uva"
9,141,202,21.01245395,81.17931863,6.119495295,66.38448261,"Uva"
20,142,196,10.89875873,,,,"Uva"
32,129,201,16.36251869,83.00471609,6.48754639,71.55665483,"Uva"
3,134,199,20.28370163,81.32235739,5.81717753,71.06611222,"Uva"
38,138,204,25.11108456,83.25447587,6.325480034,73.01026829,"Uva"
14,131,198,33.4641162,83.86742974,5.562790949,67.92204319,"Uva"
20,122,204,11.7976469,80.86325389,6.487369687,65.06962486,"Uva"
40,126,201,11.36300891,80.03100049,6.116982944,71.18289431,"Uva"
36,128,204,25.23542319,80.68700527,5.695792761,67.03840888,"Uva"
11,132,197,15.99050693,81.23966573,5.734317007,74.40198861,"Uva"
0,137,195,22.4359017,80.18612085,6.329499832,65.3973168,"Uva"
19,123,200,34.76086052,81.03544763,6.167013532,65.70430027,"Uva"
31,136,197,31.11047251,83.34010951,5.653776058,71.43001582,"Uva"
4,134,200,28.57828803,80.95628959,5.840256272,73.34232097,"Uva"
39,139,201,41.18664903,81.01783402,5.539980812,68.68895899,"Uva"
8,127,196,27.02766138,83.17093908,5.833302165,70.95666003,"Uva"
39,138,203,21.19339319,82.33098331,6.399433771,74.62834921,"Uva"
32,120,204,10.38004759,83.44518113,6.138958698,67.3917379,"Uva"
12,142,203,31.3115978,82.56407013,5.972850838,65.01095312,"Uva"
8,133,195,20.46657776,80.97598029,6.456079585,71.29813872,"Uva"
8,139,199,29.36947679,81.53996362,6.336426667,66.13442813,"Uva"
21,134,202,10.72302459,80.02130636,6.425419926,65.2982112,"Uva"
40,140,195,14.97846952,80.49979873,6.294395676,71.63437433,"Uva"
39,127,202,15.3246651,81.67215994,6.477768039,71.60102999,"Uva"
19,120,195,18.73932187,81.12109244,5.931538447,73.55807954,"Uva"
21,139,201,19.3642553,83.36094029,5.980598579,67.15094741,"Uva"
17,136,195,41.20733624,81.61051026,6.389783283,65.90227462,"Uva"
33,139,203,33.34214482,82.51034633,5.693287415,70.68098614,"Uva"
22,133,201,23.81995682,80.12211649,6.00299607,67.2739864,"Uva"
32,130,196,40.66012294,81.24995984,6.372959542,74.03030056,"Uva"
37,135,205,11.82768186,80.2827185,5.510924849,74.10225057,"Uva"
15,140,195,13.28504331,83.54193816,5.69945282,65.80006004,"Uva"
39,132,196,35.83089092,83.32560104,5.778594403,73.67984885,"Uva"
40,121,199,26.18159716,81.03886263,6.315586313,66.05911698,"Uva"
40,132,202,24.57558351,80.70695797,5.971813006,69.706113,"Uva"
29,142,203,29.67229086,83.71498986,5.891195653,66.48490371,"Uva"
32,121,199,39.37102553,81.25353895,6.129812716,74.08101744,"Uva"
6,140,205,17.66558428,82.92903419,,69.8671263,"Uva"
8,120,196,24.06679352,82.66396666,6.053662544,69.81855775,"Uva"
34,133,202,15.31413469,80.09711412,5.804799142,74.82144653,"Uva"
35,135,199,21.77466746,80.54942557,6.400719746,69.39630398,"Uva"
16,145,199,26.91624843,80.76838926,5.953966361,69.30927185,"Uva"
8,136,201,41.65602996,82.22118237,5.609255992,74.19664838,"Uva"
25,129,195,17.98667801,81.17712085,5.777271492,72.37127689,"Uva"
16,130,201,29.12033769,82.79092939,5.682395429,68.8503047,"Uva"
39,129,203,34.38922481,83.18392806,5.863996687,71.03001556,"Uva"
38,135,203,41.36106301,82.79782954,6.444373116,69.92107482,"Uva"
33,120,205,35.12158265,82.26890793,5.550832178,69.71518491,"Uva"
35,125,204,19.6491772,80.15215777,6.107741788,73.69529586,"Uva"
1,132,200,16.27852801,82.94270065,5.620745638,66.57462809,"Uva"
39,140,203,21.11903604,80.63399198,6.349875906,69.27779761,"Uva"
28,145,202,19.2077707,82.9042841,6.484323189,66.83113717,"Uva"
6,128,200,25.96308415,82.57813624,5.838748311,70.31782647,"Uva"
6,139,199,25.67385024,81.6212135,6.29099842,74.10919422,"Uva"
29,122,196,41.94865736,81.15595212,5.638328481,73.06862952,"Uva"
37,144,197,11.18994268,80.8084305,6.415555956,66.34234944,"Uva"
38,120,197,17.5438296,82.94703302,6.323722572,73.77063744,"Uva"
38,141,198,13.05809741,80.28297993,5.757009965,70.75633584,"Uva"
14,121,203,9.724457611,83.74765639,6.158689406,74.46411148,"Uva"
6,125,204,27.92004934,82.93262435,5.733539807,69.92092839,"Uva"
32,138,197,9.535585543,80.73112694,5.908724337,69.44115171,"Uva"
11,124,204,13.42988625,80.06633966,6.361141107,71.40043037,"Uva"
23,138,200,9.851242629,80.22631717,5.96537863,68.42802444,"Uva"
40,143,201,24.97256132,82.72828653,6.476757723,66.70016285,"Uva"
6,142,202,27.23708304,82.94573346,6.224542938,70.42508897,"Uva"
37,124,195,18.70679077,83.4795292,6.209928251,66.5964488,"Uva"
35,134,204,9.949929082,82.55138983,5.841138354,66.00817551,"Uva"
24,128,196,22.75088787,90.69489172,5.521466996,110.4317855,"Manzana"
7,144,197,23.8494014,94.34814995,6.133220586,114.0512495,"Manzana"
14,128,205,22.60800988,94.58900601,6.226289556,116.0396587,"Manzana"
8,120,201,21.18667419,91.13435689,6.321152192,122.233323,"Manzana"
20,129,201,23.41044706,91.69913296,5.587905967,116.0777931,"Manzana"
32,137,204,22.86006627,93.12859895,5.824151693,117.7296726,"Manzana"
27,139,205,22.48403042,93.40819246,5.772179946,105.5473627,"Manzana"
0,123,205,22.02775403,92.96129462,5.790993052,121.1349176,"Manzana"
22,144,196,21.91191314,91.68748063,6.499226821,117.0761277,"Manzana"
1,124,199,23.71059131,93.27392415,5.658473817,112.6676589,"Manzana"
30,122,197,21.37784654,92.72043743,5.573241391,106.1417017,"Manzana"
29,121,196,22.84852833,94.32130209,6.079497202,123.5977843,"Manzana"
13,126,204,23.1094265,92.79630809,6.383180271,108.183792,"Manzana"
9,139,199,23.25230817,94.54128292,5.867420996,105.3558408,"Manzana"
0,133,200,23.67287749,90.4935574,5.708418722,104.2298028,"Manzana"
30,143,199,23.76881552,90.59810302,5.7983508,102.2648546,"Manzana"
36,140,198,23.34386401,91.47684705,6.28188384,104.4267991,"Manzana"
37,137,199,22.63946441,90.18451645,5.697945522,108.3405879,"Manzana"
33,121,203,22.45696744,94.76285385,5.605934087,114.8407725,"Manzana"
7,144,195,22.96388477,93.58065995,5.85648105,104.6472986,"Manzana"
35,128,205,21.07273439,93.56585985,6.041053829,107.8737015,"Manzana"
29,128,198,22.44075021,92.70785115,5.685062404,121.4977331,"Manzana"
2,143,196,22.71271308,90.45261746,5.669489065,109.8852597,"Manzana"
34,140,198,21.70416965,93.44006288,5.751707342,115.1781396,"Manzana"
29,144,204,22.43324518,92.48667725,5.800448951,119.1025189,"Manzana"
32,141,203,21.25941052,92.84416234,5.821347769,109.0658471,"Manzana"
13,144,197,22.9215706,94.89613443,6.28022267,105.6941544,"Manzana"
25,143,198,22.81212536,91.51861705,6.027314401,107.855225,"Manzana"
9,137,200,21.12152071,90.6878768,5.636687393,102.8017203,"Manzana"
6,144,198,21.11478672,90.31528693,5.559363609,104.5086618,"Manzana"
37,126,196,23.59997268,90.97597665,5.596449493,107.1728191,"Manzana"
2,120,203,23.12652652,94.71203306,5.893492999,108.6211833,"Manzana"
11,143,197,22.98458907,93.3204487,5.875718516,122.1952483,"Manzana"
10,141,201,22.12659387,90.97818277,6.386021424,104.5412275,"Manzana"
24,142,202,22.53779727,91.48135786,5.710819862,101.8474768,"Manzana"
23,138,195,22.49095104,91.70292746,5.795985716,124.3915101,"Manzana"
18,125,204,22.35548159,94.47811755,6.046673619,116.7366261,"Manzana"
13,121,196,22.20700989,93.50574163,6.443382913,120.1593771,"Manzana"
26,122,202,22.44516988,94.73763514,5.617227184,107.1843273,"Manzana"
28,123,202,22.76643029,92.12438519,6.442289294,120.4359949,"Manzana"
26,121,201,22.19109412,90.02575116,6.162034371,112.3126628,"Manzana"
21,137,196,23.6119202,91.70293849,5.812781806,123.5900822,"Manzana"
21,135,198,23.86087054,94.92048112,5.765015126,105.0241329,"Manzana"
5,144,205,21.42177231,92.62665309,6.184922574,102.8045658,"Manzana"
2,123,205,22.36629253,90.78572467,5.739652177,124.9831618,"Manzana"
15,133,199,23.99686172,91.61001707,5.824778636,117.6102915,"Manzana"
31,130,198,21.80129837,92.73446667,5.554823557,120.0586671,"Manzana"
25,143,200,23.80436344,92.80441624,6.024248787,100.6192543,"Manzana"
16,143,204,23.71475278,91.53331177,5.631333387,121.8961665,"Manzana"
19,122,202,23.34467359,90.37981478,5.811975094,112.8954016,"Manzana"
10,125,196,22.31253665,90.03577124,5.730557448,113.0688155,"Manzana"
20,139,202,23.50201428,92.21083961,5.66999105,107.9868949,"Manzana"
28,123,198,23.46260321,91.45665004,5.682751473,111.7763395,"Manzana"
28,136,200,23.06204373,92.39544055,6.245858905,114.7399101,"Manzana"
2,131,199,22.47420512,91.22759742,6.017370134,124.2179699,"Manzana"
2,140,197,22.69780133,92.82223419,5.53456749,105.0508234,"Manzana"
27,138,201,23.66682067,93.90191078,5.952367662,105.4004751,"Manzana"
30,127,204,22.50050273,92.45878335,6.126436584,100.9343903,"Manzana"
32,145,203,23.83053666,90.84422164,6.406818518,109.5966791,"Manzana"
29,139,205,23.64142354,93.74461474,6.155939453,116.6912176,"Manzana"
26,126,195,21.41363812,92.99124545,5.878568981,118.3979065,"Manzana"
40,136,202,22.85267372,94.5764581,5.935336308,117.5314026,"Manzana"
6,124,200,22.98208095,93.84505029,5.971332179,109.5852253,"Manzana"
35,138,200,21.19909519,90.80819418,5.67130617,103.6838922,"Manzana"
17,136,196,23.87192332,90.49939035,5.882155988,103.0548094,"Manzana"
33,134,205,21.0365275,94.33919546,6.08551916,114.7412734,"Manzana"
16,143,197,22.61711614,93.51978375,5.90402645,116.9256766,"Manzana"
27,120,200,21.45278675,90.74531921,6.110218826,116.7036582,"Manzana"
29,145,205,22.81227579,92.12992101,6.212302608,109.3383552,"Manzana"
3,141,197,21.98141856,91.12719303,6.142803397,115.4789148,"Manzana"
15,123,204,22.52709326,92.54780429,6.365972688,115.3830068,"Manzana"
5,136,195,22.35628673,91.92360477,6.264202804,107.7697413,"Manzana"
10,136,204,21.19852186,92.15595143,6.276198595,105.8554351,"Manzana"
7,141,195,23.8812458,93.45067555,5.514253142,104.9116663,"Manzana"
2,129,201,22.78234161,94.36803516,5.682343744,122.1449949,"Manzana"
29,138,197,22.19055385,92.43764169,5.830892252,121.6622761,"Manzana"
30,137,200,22.91430043,90.70475565,5.603413172,118.6044645,"Manzana"
29,132,204,23.08950736,90.22507299,6.0967531,108.2166601,"Manzana"
14,139,197,21.72484506,92.83975602,6.056529526,121.6961761,"Manzana"
18,125,203,22.44307715,91.59234006,6.160267496,102.5565807,"Manzana"
33,143,204,21.1316077,91.95769858,5.814434775,122.5391946,"Manzana"
40,144,196,22.71750705,92.25479855,5.987262638,107.0289866,"Manzana"
9,143,197,23.75033085,92.88160462,5.570020684,117.6602827,"Manzana"
38,135,203,23.76121837,93.661643,5.965551311,100.825956,"Manzana"
28,130,196,22.13450646,94.67695747,6.062356467,112.9203223,"Manzana"
35,142,203,21.17089176,90.23730166,5.895319002,123.6495149,"Manzana"
12,129,205,22.36238282,91.15761594,6.119432215,118.6832725,"Manzana"
1,135,203,22.77856513,92.70124029,5.624203283,113.7759219,"Manzana"
0,145,205,21.22503442,90.09877774,5.52078314,113.9760462,"Manzana"
31,121,201,23.15791104,90.34396882,5.731535258,110.712841,"Manzana"
35,131,203,22.42776057,93.91722423,5.893490899,102.7230739,"Manzana"
29,140,195,23.64082979,90.95257927,5.560521058,116.7431319,"Manzana"
33,138,198,22.29423493,90.69033986,6.222390798,122.7418744,"Manzana"
14,140,197,23.35225078,90.90054697,6.071255131,113.0381382,"Manzana"
35,145,195,22.03911546,94.58075845,6.231950009,110.9804014,"Manzana"
40,120,197,23.80593812,92.48879468,5.889480679,119.6335548,"Manzana"
25,132,198,22.31944084,90.85174383,5.732757516,100.1173443,"Manzana"
31,137,196,22.14464104,93.82567435,6.400321212,120.6310784,"Manzana"
36,144,196,23.65167552,94.50528753,6.496934492,115.3611268,"Manzana"
10,140,197,22.16939473,90.27185592,6.229498836,124.4683112,"Manzana"
22,30,12,15.78144173,92.51077745,6.354006744,119.035002,"Naranja"
37,6,13,26.03097313,91.50819306,7.511755068,101.2847738,"Naranja"
27,13,6,13.36050601,91.35608208,7.335158382,111.2266885,"Naranja"
7,16,9,18.87957654,92.04304496,7.813916603,114.6659511,"Naranja"
20,7,9,29.47741671,91.57802915,7.129136941,111.1727497,"Naranja"
26,27,10,28.06903173,92.91487288,6.079998496,114.1339416,"Naranja"
5,23,15,25.66901098,92.04670813,7.408939392,112.5424199,"Naranja"
0,18,14,29.77149434,92.00719952,7.207991261,114.4161786,"Naranja"
39,24,14,30.55472573,90.90343769,7.189259647,106.0711985,"Naranja"
13,23,6,23.96147583,90.26408017,7.365338111,102.6958703,"Naranja"
21,17,15,23.98289638,91.5473145,7.455991072,118.4901697,"Naranja"
33,12,8,25.26052689,90.31153735,6.822282114,117.3695296,"Naranja"
6,9,12,31.08368929,90.14362642,7.028746406,109.6894658,"Naranja"
19,7,10,14.78003032,91.22062116,6.118430299,100.1961762,"Naranja"
24,18,6,26.56608303,94.45239715,6.285312759,116.3796525,"Naranja"
9,11,8,24.85903405,94.39000473,6.559236744,111.7803734,"Naranja"
31,8,7,34.51465139,93.63812684,7.163245982,103.5684926,"Naranja"
22,17,5,24.12188673,90.72351622,6.945562889,102.835632,"Naranja"
13,5,8,23.85340379,90.10522549,7.474710503,103.923226,"Naranja"
16,8,9,24.60297538,91.28408653,7.601189843,111.2948115,"Naranja"
4,13,6,15.63211033,94.25966183,7.561143224,101.4705704,"Naranja"
0,25,14,19.33516809,91.97978938,6.361671475,116.450422,"Naranja"
8,7,10,28.2620488,91.98317355,6.929216014,105.2132259,"Naranja"
4,23,5,22.67594476,93.36348717,7.477935216,110.3332655,"Naranja"
33,14,8,21.03200078,92.9641969,7.684420446,110.6823944,"Naranja"
30,7,15,33.23453301,91.06053924,7.825531916,115.7659902,"Naranja"
21,29,12,22.30318989,92.15987039,6.438668989,117.3688104,"Naranja"
11,14,5,11.50322938,94.8933184,6.946354724,115.5683776,"Naranja"
9,8,15,14.34320488,94.35734702,7.994465371,110.2223123,"Naranja"
5,18,14,33.1056981,93.48447453,7.434118807,119.1709113,"Naranja"
29,25,14,30.49183837,90.4582865,7.781988584,113.3302105,"Naranja"
33,12,15,30.25578031,92.03272799,6.052318465,116.7173125,"Naranja"
8,16,6,12.22816189,90.26457428,7.106650373,108.4161706,"Naranja"
15,14,8,10.01081312,90.22399223,6.22094286,119.3941064,"Naranja"
16,7,8,22.79196751,90.60901895,6.420457311,116.5084074,"Naranja"
0,12,7,20.18432263,90.65458473,6.969249676,116.8130969,"Naranja"
5,25,6,30.72119881,94.01331956,6.011302181,106.8118019,"Naranja"
6,8,11,24.35590861,92.39651663,6.600948788,119.6946577,"Naranja"
10,5,5,21.21306973,91.35349216,7.817846496,112.9834361,"Naranja"
1,17,6,10.78689755,91.38411917,6.8198271,117.5293447,"Naranja"
1,30,10,11.89925671,91.34663797,7.291405641,103.5771468,"Naranja"
0,23,15,22.56664172,93.37488907,7.598729065,109.8585753,"Naranja"
24,27,9,18.86883219,93.24688124,6.157135092,119.3936976,"Naranja"
36,11,13,17.34083741,93.04897191,7.1917274,112.7194284,"Naranja"
40,21,8,34.90665289,92.87820148,7.418761774,102.1906333,"Naranja"
40,22,6,24.53610067,91.90997228,6.488221135,115.9787989,"Naranja"
32,18,13,13.8377282,91.74780462,6.044167236,107.9873218,"Naranja"
9,10,10,22.3551049,93.52211892,6.010391864,101.5164589,"Naranja"
13,16,8,34.74004942,93.12316972,6.949838549,100.1967854,"Naranja"
15,9,11,11.54785707,94.14861001,7.907956251,108.8289171,"Naranja"
29,11,5,23.13338811,91.94670335,7.639788459,104.4224145,"Naranja"
1,15,9,29.98364695,94.55239717,7.53350946,115.3560318,"Naranja"
18,5,11,20.87947369,90.93756231,6.251586885,102.4550786,"Naranja"
14,22,9,17.24944623,91.13772765,6.543191814,112.5090516,"Naranja"
33,15,7,15.83388699,91.68293851,7.651225301,109.7571416,"Naranja"
4,6,7,23.01014302,91.11764246,6.708889665,112.6738296,"Naranja"
17,16,14,16.39624284,92.18151927,6.625538653,102.944161,"Naranja"
12,20,10,24.45132792,93.10527686,6.528354932,109.4711098,"Naranja"
34,29,8,31.87859192,91.15248149,6.450640306,105.3437825,"Naranja"
39,28,10,31.34920143,91.48247612,7.181907673,109.1549823,"Naranja"
31,25,12,18.05142392,90.03969587,7.016482298,111.7793889,"Naranja"
12,6,8,30.84835031,92.86773675,6.388617138,107.4142681,"Naranja"
12,29,13,22.45616931,91.52781832,7.57125447,118.0069295,"Naranja"
26,11,11,13.70319166,90.95589386,7.609348255,106.2944879,"Naranja"
19,24,15,20.48954522,93.72485075,7.137136973,111.8391951,"Naranja"
39,21,9,13.20844373,94.02769434,6.354022554,106.2696156,"Naranja"
16,29,13,32.31944397,93.67804556,6.196907944,117.6236473,"Naranja"
36,29,13,20.68185224,90.91510525,7.829507245,109.7513927,"Naranja"
37,23,12,31.52675982,90.50621806,6.395258356,113.1169398,"Naranja"
39,9,15,25.35467646,91.81183218,7.992041984,116.7555937,"Naranja"
31,5,14,17.66545409,91.69865887,6.583411671,110.6857506,"Naranja"
18,12,8,12.59093977,91.81668769,6.206053072,119.3916718,"Naranja"
20,20,10,11.86631922,93.68394562,6.976997772,106.060149,"Naranja"
5,8,5,11.03367937,92.22706805,6.562594972,112.7715925,"Naranja"
20,8,12,25.2990432,94.96419851,7.260416405,117.9733424,"Naranja"
25,21,11,32.23797837,90.15406807,6.460044778,104.7052254,"Naranja"
14,19,14,17.68408797,94.35815354,6.699164936,108.0638166,"Naranja"
37,18,12,10.2708877,90.19147747,7.401121811,106.6955204,"Naranja"
26,15,6,17.22034507,94.78797376,6.912033409,108.0054343,"Naranja"
13,22,5,19.667056,90.50096668,7.764040111,100.1737964,"Naranja"
32,25,9,10.35609594,93.75652041,7.796034006,101.1456947,"Naranja"
19,7,9,27.255435,91.71369387,6.969883483,101.139435,"Naranja"
28,7,9,34.5917846,92.13229786,6.730757538,115.5650287,"Naranja"
24,30,11,32.39523995,94.51768464,6.601395755,113.25373,"Naranja"
7,17,10,10.16431299,91.22320999,6.465913274,106.362551,"Naranja"
18,23,8,21.49118657,93.43949693,6.41354791,101.4819888,"Naranja"
7,20,12,16.53460397,94.76759975,6.475275337,110.0447896,"Naranja"
20,23,11,31.8520694,90.12220323,6.407715561,109.9455062,"Naranja"
18,14,11,28.04799508,90.00621688,6.550814117,117.1311498,"Naranja"
34,11,10,31.75048899,94.59551226,7.36220835,115.1989301,"Naranja"
20,29,10,29.07412717,93.27189064,7.36549204,100.7896871,"Naranja"
37,24,13,19.14381903,90.71037456,7.8546243,108.0230792,"Naranja"
12,8,10,16.14820285,91.4448027,7.995848977,107.4287664,"Naranja"
34,10,14,34.05296914,92.05811721,6.725600855,116.8020848,"Naranja"
6,13,9,34.51423957,90.56151463,7.786725333,118.3271968,"Naranja"
27,30,5,32.71748548,90.54608254,7.656978112,113.328978,"Naranja"
13,8,12,25.16296632,92.54736032,7.105904818,114.3117197,"Naranja"
6,7,7,27.68167318,94.47316879,7.199106204,113.9995146,"Naranja"
40,17,15,21.35093384,90.9492967,7.871063004,107.0862095,"Naranja"
31,26,9,11.69894639,93.25638873,7.566165721,103.2005992,"Naranja"
91,21,26,26.33377983,57.36469955,7.261313694,191.6549412,"Cafe"
107,21,26,26.45288458,55.32222678,7.235070264,144.6861336,"Cafe"
83,38,35,25.70822684,52.88667115,7.18915558,136.7325092,"Cafe"
108,24,31,24.12832546,56.18107663,6.431899748,147.2757818,"Cafe"
116,28,34,23.44372334,60.39523266,6.42321105,122.2103248,"Cafe"
116,23,25,23.4123707,52.26994674,6.869720196,139.3670753,"Cafe"
109,31,27,23.05951896,50.40609436,6.973839707,164.4971875,"Cafe"
89,25,34,23.07895447,63.65861483,7.184801627,129.8765443,"Cafe"
118,18,32,27.6496114,51.11044023,6.351823783,122.8392822,"Cafe"
111,32,34,25.46743689,69.35161206,6.392048018,171.3764462,"Cafe"
84,36,28,26.7350622,55.55164819,6.119892347,140.6305213,"Cafe"
85,33,25,26.20811417,52.50987966,6.910823945,189.0944824,"Cafe"
99,15,27,27.0424167,57.27927475,6.501157208,165.6872119,"Cafe"
81,30,31,24.65090184,51.93952357,7.027585559,135.1386537,"Cafe"
95,39,29,27.35152643,55.99375012,7.13411409,148.9812525,"Cafe"
81,34,30,25.17787724,62.26244581,6.647765997,135.0119649,"Cafe"
80,15,28,23.11438731,68.00096043,6.703270635,161.8944624,"Cafe"
104,20,26,27.22783677,52.95261751,7.493191968,175.7260273,"Cafe"
109,29,28,23.26316991,60.5160021,6.724688503,194.1755471,"Cafe"
100,32,26,25.234661,57.53161469,6.043485685,124.2261737,"Cafe"
100,24,28,25.59535262,57.72920846,7.101661011,195.7733251,"Cafe"
83,21,28,25.5674832,60.49244602,7.466900683,190.2257843,"Cafe"
120,23,28,25.67324193,51.29043632,6.877799264,196.2736367,"Cafe"
104,26,30,24.40726724,62.65692638,6.410992833,148.6977358,"Cafe"
108,33,31,23.69287069,66.76090123,7.393825704,144.6576424,"Cafe"
91,25,26,24.53460016,66.99765375,7.482414225,180.5059257,"Cafe"
86,26,27,27.13140403,52.89368299,6.081172981,192.4280381,"Cafe"
98,18,27,27.56088634,68.49299897,6.516312148,167.4358075,"Cafe"
111,27,31,23.59302313,55.27564977,6.043330951,191.3980675,"Cafe"
84,39,35,23.17714381,52.13864034,6.959404135,117.3113562,"Cafe"
98,27,27,24.71384065,51.29142534,7.238109556,197.6439711,"Cafe"
118,21,34,24.38534644,64.72543073,7.234258375,119.6324109,"Cafe"
103,27,31,27.15998538,51.59100753,6.691541233,126.1752206,"Cafe"
82,24,33,26.53543168,67.09608099,6.809593554,120.6494434,"Cafe"
86,31,35,27.01207284,60.76645256,6.485761419,191.4508931,"Cafe"
88,35,35,27.55906475,58.45742907,6.784460602,117.9389993,"Cafe"
84,27,29,23.32293161,53.00366334,7.167092586,168.2644287,"Cafe"
120,40,33,24.23850608,54.30329632,6.73410539,115.1564012,"Cafe"
106,40,30,23.42611644,64.10651528,6.779984384,122.6847408,"Cafe"
113,21,33,26.02241444,55.83288958,7.277422738,176.9020924,"Cafe"
117,34,25,24.83846178,56.7685316,7.21270048,124.4135035,"Cafe"
80,30,25,26.24092174,65.64381357,7.487266991,148.3771202,"Cafe"
88,21,27,24.43011925,66.02411187,7.231166546,181.6368274,"Cafe"
113,33,34,26.00373964,62.1445102,6.559817161,153.477776,"Cafe"
87,23,28,26.22367404,62.26594559,6.979590627,193.7461968,"Cafe"
113,15,29,27.09617155,63.55324262,6.779230041,190.2440566,"Cafe"
98,29,30,25.64004392,61.03273481,6.217974349,199.4735636,"Cafe"
97,29,27,27.74576987,54.36976075,7.205078785,139.8619431,"Cafe"
85,35,32,26.24928198,54.28617819,6.854011265,133.1120232,"Cafe"
82,29,35,26.67377159,52.24226285,6.246872394,156.1543898,"Cafe"
103,33,25,27.10210397,55.7497332,6.911066044,139.5013171,"Cafe"
112,17,28,27.62975458,61.26002598,6.777417989,196.6492664,"Cafe"
99,19,33,27.5364547,55.51673151,6.273741983,130.6377143,"Cafe"
120,20,34,23.56960509,50.56339727,6.906124587,130.3797119,"Cafe"
114,27,28,24.99451759,57.93250202,7.162802357,192.8736822,"Cafe"
100,40,35,27.56441788,54.41094079,6.955787351,177.816092,"Cafe"
108,35,25,23.98143338,61.10935084,6.971963169,161.5279095,"Cafe"
115,31,30,24.22984659,67.37768353,6.840927967,122.4073418,"Cafe"
87,28,30,25.60153969,68.66257977,6.536676653,168.8383605,"Cafe"
82,24,26,24.31274458,53.57285558,6.089443603,184.4103931,"Cafe"
94,26,27,26.36629861,52.25738495,7.456460375,177.3176161,"Cafe"
87,28,35,26.5602777,57.1621814,6.759211911,152.0616227,"Cafe"
118,40,35,26.35034208,58.50650238,7.460174812,121.5586297,"Cafe"
87,38,29,25.20406808,57.88370456,6.652642579,156.1457255,"Cafe"
92,40,30,23.35723208,55.18792166,6.026287448,171.6976946,"Cafe"
97,22,26,23.60567546,59.68849145,6.074190142,185.1568059,"Cafe"
99,40,32,24.18471151,69.94807345,7.045543056,163.2708732,"Cafe"
89,28,33,26.44414097,53.83876189,6.993236001,175.3723314,"Cafe"
112,39,29,26.12492233,63.37479229,6.726528895,147.8035305,"Cafe"
111,28,26,27.77363343,64.47858698,6.937352845,192.7121236,"Cafe"
114,20,26,25.55656667,62.67087838,7.27905689,193.5866233,"Cafe"
117,26,30,27.92374437,67.96910852,7.079850922,115.2325531,"Cafe"
111,29,31,26.05968403,52.31098539,6.136286518,161.3432535,"Cafe"
119,30,28,26.35770906,64.57578034,6.505203696,163.6269496,"Cafe"
116,40,33,24.91370487,54.15319242,7.042089492,129.5481144,"Cafe"
95,37,35,27.31317116,68.4233391,6.348337519,192.4288139,"Cafe"
86,40,33,26.1387869,52.26311691,7.432322234,136.3027766,"Cafe"
117,37,32,23.1069385,67.06230539,6.787658922,162.5769606,"Cafe"
105,18,35,23.52648086,68.44030686,6.743417121,171.8839938,"Cafe"
109,23,25,25.11711046,68.48030408,7.00733163,194.8773479,"Cafe"
80,18,31,24.02952505,58.84880599,7.303033217,134.6803969,"Cafe"
101,31,26,26.70897548,69.71184111,6.861235184,158.8608887,"Cafe"
103,33,33,26.71717393,50.50148528,7.131435858,126.8073984,"Cafe"
93,26,27,24.59245684,56.46829641,7.288211994,137.7044047,"Cafe"
104,35,28,27.51006055,50.66687215,6.983732393,143.9955548,"Cafe"
116,36,25,27.57847581,58.52534263,6.172090205,156.6810374,"Cafe"
107,38,29,26.65069302,57.56695719,6.35118177,145.105065,"Cafe"
101,33,33,26.97251562,62.0183627,6.908671379,142.8610793,"Cafe"
107,31,31,23.17124551,52.97841162,6.766184468,153.1201644,"Cafe"
99,16,30,23.52652084,65.44340921,6.392791654,186.1728203,"Cafe"
103,40,30,27.30901814,55.196224,6.348316257,141.4831644,"Cafe"
118,31,34,27.54823036,62.88179198,6.123796057,181.4170812,"Cafe"
106,21,35,25.627355,57.04151119,7.428523634,188.5506536,"Cafe"
116,38,34,23.29250318,50.04557009,6.020947179,183.468585,"Cafe"
97,35,26,24.91461008,53.74144743,6.334610249,166.2549307,"Cafe"
107,34,32,26.77463708,66.4132686,6.78006386,177.7745075,"Cafe"
99,15,27,27.41711238,56.63636248,6.086922359,127.92461,"Cafe"
118,33,30,24.13179691,67.22512329,6.362607851,173.3228386,"Cafe"
117,32,34,26.2724184,52.12739421,6.758792552,127.1752928,"Cafe"
104,18,30,23.60301571,60.39647474,6.779832611,140.9370415,"Cafe"
